ticker,cod_cvm,ref_date,receipt_date,avail_date,pl_total,n_acoes,vpa,statement_type,flag_outlier,fonte,cnpj,pl_controladores,pl_minoritarios,vpa_ajustado,fator_unit,fator_split_posterior,flag_pl_negativo,flag_quebra_estrutural,n_acoes_fonte,receipt_date_v1
PETR4,9512,2010-12-31,2011-03-04,2011-03-31,310223300000.0,13044496930.0,23.51682733693587,consolidado,False,CVM dados abertos DFP v3,33.000.167/0001-01,306765182000.0,3458118000.0,23.51682733693587,1.0,1.0,False,False,fre_capital_social,2011-02-25
PETR4,9512,2011-03-31,2011-05-13,2011-06-30,318192140000.0,13044496930.0,24.13136985574805,consolidado,False,CVM dados abertos ITR v1,33.000.167/0001-01,314781580000.0,3410560000.0,24.13136985574805,1.0,1.0,False,False,fre_capital_social,2011-05-13
PETR4,9512,2011-06-30,2011-08-15,2011-09-30,326342730000.0,13044496930.0,24.7392906550364,consolidado,False,CVM dados abertos ITR v1,33.000.167/0001-01,322711601000.0,3631129000.0,24.7392906550364,1.0,1.0,False,False,fre_capital_social,2011-08-15
PETR4,9512,2011-09-30,2011-11-11,2011-12-30,331196768000.0,13044496930.0,25.175734393001232,consolidado,False,CVM dados abertos ITR v2,33.000.167/0001-01,328404790000.0,2791978000.0,25.175734393001232,1.0,1.0,False,False,fre_capital_social,2011-11-11
PETR4,9512,2011-12-31,2012-02-14,2012-03-31,332223611000.0,13044496930.0,25.285672783703127,consolidado,False,CVM dados abertos DFP v2,33.000.167/0001-01,329838881000.0,2384730000.0,25.285672783703127,1.0,1.0,False,False,fre_capital_social,2012-02-09
PETR4,9512,2012-03-31,2012-05-15,2012-06-30,338822385000.0,13044496930.0,25.77764553163186,consolidado,False,CVM dados abertos ITR v1,33.000.167/0001-01,336256418000.0,2565967000.0,25.77764553163186,1.0,1.0,False,False,fre_capital_social,2012-05-15
PETR4,9512,2012-06-30,2012-08-03,2012-09-30,338889016000.0,13044496930.0,25.817471061338967,consolidado,False,CVM dados abertos ITR v1,33.000.167/0001-01,336775922000.0,2113094000.0,25.817471061338967,1.0,1.0,False,False,fre_capital_social,2012-08-03
PETR4,9512,2012-09-30,2012-10-26,2012-12-30,344648378000.0,13044496930.0,26.253021089100752,consolidado,False,CVM dados abertos ITR v1,33.000.167/0001-01,342457453000.0,2190925000.0,26.253021089100752,1.0,1.0,False,False,fre_capital_social,2012-10-26
PETR4,9512,2012-12-31,2013-02-04,2013-03-31,345433653000.0,13044496930.0,26.300720897176063,consolidado,False,CVM dados abertos DFP v1,33.000.167/0001-01,343079673000.0,2353980000.0,26.300720897176063,1.0,1.0,False,False,fre_capital_social,2013-02-04
PETR4,9512,2013-03-31,2013-04-26,2013-06-30,337664977000.0,13044496930.0,25.714848859257614,consolidado,False,CVM dados abertos ITR v1,33.000.167/0001-01,335437267000.0,2227710000.0,25.714848859257614,1.0,1.0,False,False,fre_capital_social,2013-04-26
PETR4,9512,2013-06-30,2013-08-09,2013-09-30,340025548000.0,13044496930.0,25.931633762130836,consolidado,False,CVM dados abertos ITR v1,33.000.167/0001-01,338265117000.0,1760431000.0,25.931633762130836,1.0,1.0,False,False,fre_capital_social,2013-08-09
PETR4,9512,2013-09-30,2013-10-25,2013-12-30,343102187000.0,13044496930.0,26.165228588849843,consolidado,False,CVM dados abertos ITR v1,33.000.167/0001-01,341312244000.0,1789943000.0,26.165228588849843,1.0,1.0,False,False,fre_capital_social,2013-10-25
PETR4,9512,2013-12-31,2014-02-25,2014-03-31,349333684000.0,13044496930.0,26.673308665495615,consolidado,False,CVM dados abertos DFP v1,33.000.167/0001-01,347939893000.0,1393791000.0,26.673308665495615,1.0,1.0,False,False,fre_capital_social,2014-02-25
PETR4,9512,2014-03-31,2014-05-09,2014-06-30,355769648000.0,13044496930.0,27.17548970284437,consolidado,False,CVM dados abertos ITR v1,33.000.167/0001-01,354490592000.0,1279056000.0,27.17548970284437,1.0,1.0,False,False,fre_capital_social,2014-05-09
PETR4,9512,2014-06-30,2014-08-08,2014-09-30,362240000000.0,12888732761.0,27.985683828548424,consolidado,False,CVM dados abertos ITR v1,33.000.167/0001-01,360700000000.0,1540000000.0,27.985683828548424,1.0,1.0,False,False,fre_capital_social,2014-08-08
PETR4,9512,2014-09-30,2015-04-22,2015-04-22,342396000000.0,12888732761.0,26.48243286049152,consolidado,False,CVM dados abertos ITR v1,33.000.167/0001-01,341325000000.0,1071000000.0,26.48243286049152,1.0,1.0,False,False,fre_capital_social,2015-04-22
PETR4,9512,2014-12-31,2015-04-24,2015-04-24,310722000000.0,12888732761.0,23.962635095867824,consolidado,False,CVM dados abertos DFP v2,33.000.167/0001-01,308848000000.0,1874000000.0,23.962635095867824,1.0,1.0,False,False,fre_capital_social,2015-04-22
PETR4,9512,2015-03-31,2015-05-15,2015-06-30,305712000000.0,12888732761.0,23.567716518969263,consolidado,False,CVM dados abertos ITR v1,33.000.167/0001-01,303758000000.0,1954000000.0,23.567716518969263,1.0,1.0,False,False,fre_capital_social,2015-05-15
PETR4,9512,2015-06-30,2015-08-06,2015-09-30,309403000000.0,12888732761.0,23.836323220977675,consolidado,False,CVM dados abertos ITR v1,33.000.167/0001-01,307220000000.0,2183000000.0,23.836323220977675,1.0,1.0,False,False,fre_capital_social,2015-08-06
PETR4,9512,2015-09-30,2015-11-12,2015-12-30,290982000000.0,12888732761.0,22.45674616482181,consolidado,False,CVM dados abertos ITR v1,33.000.167/0001-01,289439000000.0,1543000000.0,22.45674616482181,1.0,1.0,False,False,fre_capital_social,2015-11-12
PETR4,9512,2015-12-31,2016-03-21,2016-03-31,257930000000.0,12888732761.0,19.763851475824698,consolidado,False,CVM dados abertos DFP v1,33.000.167/0001-01,254731000000.0,3199000000.0,19.763851475824698,1.0,1.0,False,False,fre_capital_social,2016-03-21
PETR4,9512,2016-03-31,2016-05-12,2016-06-30,266383000000.0,12888732761.0,20.37950548519407,consolidado,False,CVM dados abertos ITR v1,33.000.167/0001-01,262666000000.0,3717000000.0,20.37950548519407,1.0,1.0,False,False,fre_capital_social,2016-05-12
PETR4,9512,2016-06-30,2016-08-11,2016-09-30,275292000000.0,12888732761.0,21.056763689073744,consolidado,False,CVM dados abertos ITR v1,33.000.167/0001-01,271395000000.0,3897000000.0,21.056763689073744,1.0,1.0,False,False,fre_capital_social,2016-08-11
PETR4,9512,2016-09-30,2016-11-10,2016-12-30,262016000000.0,12888732761.0,20.136580128756076,consolidado,False,CVM dados abertos ITR v1,33.000.167/0001-01,259535000000.0,2481000000.0,20.136580128756076,1.0,1.0,False,False,fre_capital_social,2016-11-10
PETR4,9512,2016-12-31,2017-03-24,2017-03-31,252743000000.0,12888732761.0,19.414631728355065,consolidado,False,CVM dados abertos DFP v2,33.000.167/0001-01,250230000000.0,2513000000.0,19.414631728355065,1.0,1.0,False,False,fre_capital_social,2017-03-21
PETR4,9512,2017-03-31,2017-05-12,2017-06-30,260516000000.0,12888732761.0,20.00351817209968,consolidado,False,CVM dados abertos ITR v2,33.000.167/0001-01,257820000000.0,2696000000.0,20.00351817209968,1.0,1.0,False,False,fre_capital_social,2017-05-11
PETR4,9512,2017-06-30,2017-08-10,2017-09-30,261144000000.0,12888732761.0,20.06675169669149,consolidado,False,CVM dados abertos ITR v1,33.000.167/0001-01,258635000000.0,2509000000.0,20.06675169669149,1.0,1.0,False,False,fre_capital_social,2017-08-10
PETR4,9512,2017-09-30,2017-11-13,2017-12-30,264519000000.0,12888732761.0,20.30952187883601,consolidado,False,CVM dados abertos ITR v1,33.000.167/0001-01,261764000000.0,2755000000.0,20.30952187883601,1.0,1.0,False,False,fre_capital_social,2017-11-13
PETR4,9512,2017-12-31,2018-03-16,2018-03-31,269609000000.0,12888732761.0,20.481842931742047,consolidado,False,CVM dados abertos DFP v2,33.000.167/0001-01,263985000000.0,5624000000.0,20.481842931742047,1.0,1.0,False,False,fre_capital_social,2018-03-15
PETR4,9512,2018-03-31,2018-05-08,2018-06-30,277753000000.0,12888732761.0,21.10083318842117,consolidado,False,CVM dados abertos ITR v1,33.000.167/0001-01,271963000000.0,5790000000.0,21.10083318842117,1.0,1.0,False,False,fre_capital_social,2018-05-08
PETR4,9512,2018-06-30,2018-08-03,2018-09-30,287448000000.0,12888732761.0,21.89035999363134,consolidado,False,CVM dados abertos ITR v1,33.000.167/0001-01,282139000000.0,5309000000.0,21.89035999363134,1.0,1.0,False,False,fre_capital_social,2018-08-03
PETR4,9512,2018-09-30,2018-11-06,2018-12-30,296175000000.0,12888732761.0,22.52859186270159,consolidado,False,CVM dados abertos ITR v1,33.000.167/0001-01,290365000000.0,5810000000.0,22.52859186270159,1.0,1.0,False,False,fre_capital_social,2018-11-06
PETR4,9512,2018-12-31,2019-02-27,2019-03-31,283543000000.0,12888732761.0,21.50909675455874,consolidado,False,CVM dados abertos DFP v1,33.000.167/0001-01,277225000000.0,6318000000.0,21.50909675455874,1.0,1.0,False,False,fre_capital_social,2019-02-27
PETR4,9512,2019-03-31,2019-05-07,2019-06-30,289031000000.0,12888732761.0,21.93070530993532,consolidado,False,CVM dados abertos ITR v1,33.000.167/0001-01,282659000000.0,6372000000.0,21.93070530993532,1.0,1.0,False,False,fre_capital_social,2019-05-07
PETR4,9512,2019-06-30,2019-08-01,2019-09-30,309418000000.0,12888732761.0,23.556931905572625,consolidado,False,CVM dados abertos ITR v1,33.000.167/0001-01,303619000000.0,5799000000.0,23.556931905572625,1.0,1.0,False,False,fre_capital_social,2019-08-01
PETR4,9512,2019-09-30,2019-10-24,2019-12-30,309753000000.0,12888732761.0,23.76121886293488,consolidado,False,CVM dados abertos ITR v1,33.000.167/0001-01,306252000000.0,3501000000.0,23.76121886293488,1.0,1.0,False,False,fre_capital_social,2019-10-24
PETR4,9512,2019-12-31,2020-02-19,2020-03-31,299137000000.0,12888732761.0,22.93018293421966,consolidado,False,CVM dados abertos DFP v1,33.000.167/0001-01,295541000000.0,3596000000.0,22.93018293421966,1.0,1.0,False,False,fre_capital_social,2020-02-19
PETR4,9512,2020-03-31,2020-05-14,2020-06-30,234925000000.0,13044201000.0,17.772571888458327,consolidado,True,CVM dados abertos ITR v1,33.000.167/0001-01,231829000000.0,3096000000.0,17.772571888458327,1.0,1.0,False,False,composicao_capital_x1000,2020-05-14
PETR4,9512,2020-06-30,2020-07-30,2020-09-30,245721000000.0,13044201000.0,18.611028762896247,consolidado,False,CVM dados abertos ITR v1,33.000.167/0001-01,242766000000.0,2955000000.0,18.611028762896247,1.0,1.0,False,False,composicao_capital_x1000,2020-07-30
PETR4,9512,2020-09-30,2020-10-28,2020-12-30,250361000000.0,13044201000.0,18.992040984342392,consolidado,False,CVM dados abertos ITR v1,33.000.167/0001-01,247736000000.0,2625000000.0,18.992040984342392,1.0,1.0,False,False,composicao_capital_x1000,2020-10-28
PETR4,9512,2020-12-31,2021-03-22,2021-03-31,311150000000.0,13044201000.0,23.643456582737414,consolidado,True,CVM dados abertos DFP v2,33.000.167/0001-01,308410000000.0,2740000000.0,23.643456582737414,1.0,1.0,False,False,composicao_capital_x1000,2021-02-25
PETR4,9512,2021-03-31,2021-05-13,2021-06-30,320245000000.0,13044201000.0,24.025618740465596,consolidado,False,CVM dados abertos ITR v1,33.000.167/0001-01,313395000000.0,6850000000.0,24.025618740465596,1.0,1.0,False,False,composicao_capital_x1000,2021-05-13
PETR4,9512,2021-06-30,2021-08-04,2021-09-30,362390000000.0,13044201261.0,27.29580699314541,consolidado,False,CVM dados abertos ITR v1,33.000.167/0001-01,356052000000.0,6338000000.0,27.29580699314541,1.0,1.0,False,False,composicao_capital,2021-08-04
PETR4,9512,2021-09-30,2021-10-28,2021-12-30,375689000000.0,13044201261.0,28.294334978062555,consolidado,False,CVM dados abertos ITR v1,33.000.167/0001-01,369077000000.0,6612000000.0,28.294334978062555,1.0,1.0,False,False,composicao_capital,2021-10-28
PETR4,9512,2021-12-31,2022-02-23,2022-03-31,389581000000.0,13044201261.0,29.693577418040118,consolidado,False,CVM dados abertos DFP v1,33.000.167/0001-01,387329000000.0,2252000000.0,29.693577418040118,1.0,1.0,False,False,composicao_capital,2022-02-23
PETR4,9512,2022-03-31,2022-05-05,2022-06-30,437061000000.0,13044201261.0,33.286361603310134,consolidado,False,CVM dados abertos ITR v1,33.000.167/0001-01,434194000000.0,2867000000.0,33.286361603310134,1.0,1.0,False,False,composicao_capital,2022-05-05
PETR4,9512,2022-06-30,2022-07-28,2022-09-30,412852000000.0,13044201261.0,31.47337209733658,consolidado,False,CVM dados abertos ITR v1,33.000.167/0001-01,410545000000.0,2307000000.0,31.47337209733658,1.0,1.0,False,False,composicao_capital,2022-07-28
PETR4,9512,2022-09-30,2022-11-03,2022-12-30,374105000000.0,13044201261.0,28.556597107536764,consolidado,False,CVM dados abertos ITR v1,33.000.167/0001-01,372498000000.0,1607000000.0,28.556597107536764,1.0,1.0,False,False,composicao_capital,2022-11-03
PETR4,9512,2022-12-31,2023-03-02,2023-03-31,364385000000.0,13044201261.0,27.797332526913397,consolidado,False,CVM dados abertos DFP v1,33.000.167/0001-01,362594000000.0,1791000000.0,27.797332526913397,1.0,1.0,False,False,composicao_capital,2023-03-02
PETR4,9512,2023-03-31,2023-05-11,2023-06-30,403405000000.0,13044201261.0,30.824731384831093,consolidado,False,CVM dados abertos ITR v1,33.000.167/0001-01,402084000000.0,1321000000.0,30.824731384831093,1.0,1.0,False,False,composicao_capital,2023-05-11
PETR4,9512,2023-06-30,2023-08-04,2023-09-30,372281000000.0,13044201261.0,28.417454820195143,consolidado,False,CVM dados abertos ITR v1,33.000.167/0001-01,370683000000.0,1598000000.0,28.417454820195143,1.0,1.0,False,False,composicao_capital,2023-08-04
PETR4,9512,2023-09-30,2023-11-09,2023-12-30,387490000000.0,13015465561.0,29.65756377986547,consolidado,False,CVM dados abertos ITR v1,33.000.167/0001-01,386007000000.0,1483000000.0,29.65756377986547,1.0,1.0,False,False,composicao_capital,2023-11-09
PETR4,9512,2023-12-31,2024-03-25,2024-03-31,382340000000.0,12940137261.0,29.40007453758647,consolidado,False,CVM dados abertos DFP v2,33.000.167/0001-01,380441000000.0,1899000000.0,29.40007453758647,1.0,1.0,False,False,composicao_capital,2024-03-08
PETR4,9512,2024-03-31,2024-05-13,2024-06-30,409922000000.0,12909287661.0,31.576955344445636,consolidado,False,CVM dados abertos ITR v1,33.000.167/0001-01,407636000000.0,2286000000.0,31.576955344445636,1.0,1.0,False,False,composicao_capital,2024-05-13
PETR4,9512,2024-06-30,2024-08-08,2024-09-30,376040000000.0,12888732761.0,28.977169976718702,consolidado,False,CVM dados abertos ITR v1,33.000.167/0001-01,373479000000.0,2561000000.0,28.977169976718702,1.0,1.0,False,False,composicao_capital,2024-08-08
PETR4,9512,2024-09-30,2024-11-07,2024-12-30,395053000000.0,12888732761.0,30.54256824931309,consolidado,False,CVM dados abertos ITR v1,33.000.167/0001-01,393655000000.0,1398000000.0,30.54256824931309,1.0,1.0,False,False,composicao_capital,2024-11-07
PETR4,9512,2024-12-31,2025-02-26,2025-03-31,367514000000.0,12888732761.0,28.397361229142486,consolidado,False,CVM dados abertos DFP v1,33.000.167/0001-01,366006000000.0,1508000000.0,28.397361229142486,1.0,1.0,False,False,composicao_capital,2025-02-26
PETR4,9512,2025-03-31,2025-05-12,2025-06-30,397603000000.0,12888732761.0,30.712173752083277,consolidado,False,CVM dados abertos ITR v1,33.000.167/0001-01,395841000000.0,1762000000.0,30.712173752083277,1.0,1.0,False,False,composicao_capital,2025-05-12
PETR4,9512,2025-06-30,2025-08-07,2025-09-30,401782000000.0,12888732761.0,30.97449589520588,consolidado,False,CVM dados abertos ITR v2,33.000.167/0001-01,399222000000.0,2560000000.0,30.97449589520588,1.0,1.0,False,False,composicao_capital,2025-08-07
PETR4,9512,2025-09-30,2025-11-06,2025-12-30,424961000000.0,12888732761.0,32.81424231866731,consolidado,False,CVM dados abertos ITR v1,33.000.167/0001-01,422934000000.0,2027000000.0,32.81424231866731,1.0,1.0,False,False,composicao_capital,2025-11-06
PETR4,9512,2025-12-31,2026-03-05,2026-03-31,417587000000.0,12888732761.0,32.25964939378108,consolidado,False,CVM dados abertos DFP v1,33.000.167/0001-01,415786000000.0,1801000000.0,32.25964939378108,1.0,1.0,False,False,composicao_capital,2026-03-05
PETR4,9512,2026-03-31,2026-05-11,2026-06-30,446372000000.0,12888732761.0,34.54094426933087,consolidado,False,CVM dados abertos ITR v2,33.000.167/0001-01,445189000000.0,1183000000.0,34.54094426933087,1.0,1.0,False,False,composicao_capital,2026-05-11
PETR4,9512,2026-06-30,2026-08-06,2026-09-30,481854000000.0,12888732761.0,37.31553822384354,consolidado,False,CVM dados abertos ITR v1,33.000.167/0001-01,480950000000.0,904000000.0,37.31553822384354,1.0,1.0,False,False,composicao_capital,2026-08-06
ITUB4,19348,2010-12-31,2011-09-01,2011-09-01,67942000000.0,4570936219.0,14.497030110496055,consolidado,False,CVM dados abertos DFP v6,60.872.504/0001-23,66265000000.0,1677000000.0,5.826223376464476,1.0,2.4882379500000016,False,False,fre_capital_social,2011-02-22
ITUB4,19348,2011-03-31,2011-05-03,2011-06-30,67155824000.0,4570936219.0,13.9425563925157,consolidado,False,CVM dados abertos ITR v1,60.872.504/0001-23,63730536000.0,3425288000.0,5.603385477066489,1.0,2.4882379500000016,False,False,fre_capital_social,2011-05-03
ITUB4,19348,2011-06-30,2011-08-03,2011-09-30,69392103000.0,4570936100.0,14.45716906871658,consolidado,False,CVM dados abertos ITR v2,60.872.504/0001-23,66082796000.0,3309307000.0,5.810203589538762,1.0,2.4882379500000016,False,False,fre_capital_social,2011-08-02
ITUB4,19348,2011-09-30,2011-11-01,2011-12-30,70209905000.0,4570936100.0,14.92160719551516,consolidado,False,CVM dados abertos ITR v1,60.872.504/0001-23,68205713000.0,2004192000.0,5.9968570110085935,1.0,2.4882379500000016,False,False,fre_capital_social,2011-11-01
ITUB4,19348,2011-12-31,2020-03-18,2020-03-18,75336000000.0,4570936100.0,16.176336396389353,consolidado,False,CVM dados abertos DFP v2,60.872.504/0001-23,73941000000.0,1395000000.0,6.501121163427856,1.0,2.4882379500000016,False,False,fre_capital_social,2012-02-07
ITUB4,19348,2012-03-31,2012-04-24,2012-06-30,74388572000.0,4570936100.0,15.857638219882356,consolidado,False,CVM dados abertos ITR v1,60.872.504/0001-23,72484251000.0,1904321000.0,6.373039290668461,1.0,2.4882379500000016,False,False,fre_capital_social,2012-04-24
ITUB4,19348,2012-06-30,2012-10-30,2012-10-30,81413586000.0,4570936100.0,17.81114069829154,individual,False,CVM dados abertos ITR v3,60.872.504/0001-23,81413586000.0,,7.158134011376013,1.0,2.4882379500000016,False,False,fre_capital_social,2012-07-24
ITUB4,19348,2012-09-30,2012-10-23,2012-12-30,84160377000.0,4570936100.0,18.412065966093905,individual,False,CVM dados abertos ITR v1,60.872.504/0001-23,84160377000.0,,7.399640362407418,1.0,2.4882379500000016,False,False,fre_capital_social,2012-10-23
ITUB4,19348,2012-12-31,2020-03-18,2020-03-18,75998000000.0,4570936100.0,16.60535136336734,consolidado,False,CVM dados abertos DFP v4,60.872.504/0001-23,75902000000.0,96000000.0,6.673538342009184,1.0,2.4882379500000016,False,False,fre_capital_social,2013-02-05
ITUB4,19348,2013-03-31,2013-04-30,2013-06-30,77177000000.0,4570936100.0,16.68257843289474,consolidado,False,CVM dados abertos ITR v1,60.872.504/0001-23,76255000000.0,922000000.0,6.704575192615614,1.0,2.4882379500000016,False,False,fre_capital_social,2013-04-30
ITUB4,19348,2013-06-30,2013-07-30,2013-09-30,78669000000.0,5028029710.0,15.460529170182648,consolidado,False,CVM dados abertos ITR v1,60.872.504/0001-23,77736000000.0,933000000.0,6.834789288219362,1.0,2.262034500000001,False,False,fre_capital_social,2013-07-30
ITUB4,19348,2013-09-30,2013-10-29,2013-12-30,81300000000.0,5028029710.0,15.978425871314114,consolidado,False,CVM dados abertos ITR v1,60.872.504/0001-23,80340000000.0,960000000.0,7.063741013372743,1.0,2.262034500000001,False,False,fre_capital_social,2013-10-29
ITUB4,19348,2013-12-31,2014-04-11,2014-04-11,84192000000.0,5028029710.0,16.551811504709665,consolidado,False,CVM dados abertos DFP v2,60.872.504/0001-23,83223000000.0,969000000.0,7.317223280506844,1.0,2.262034500000001,False,False,fre_capital_social,2014-02-04
ITUB4,19348,2014-03-31,2014-04-29,2014-06-30,85487000000.0,5028029710.0,16.802008912552747,consolidado,False,CVM dados abertos ITR v1,60.872.504/0001-23,84481000000.0,1006000000.0,7.427830527143922,1.0,2.262034500000001,False,False,fre_capital_social,2014-04-29
ITUB4,19348,2014-06-30,2014-08-05,2014-09-30,89331000000.0,5530832681.0,15.956006100702362,consolidado,False,CVM dados abertos ITR v1,60.872.504/0001-23,88250000000.0,1081000000.0,7.759212651607477,1.0,2.0563950000000006,False,False,fre_capital_social,2014-08-05
ITUB4,19348,2014-09-30,2014-11-04,2014-12-30,94805000000.0,5530832681.0,16.89745566179423,consolidado,False,CVM dados abertos ITR v1,60.872.504/0001-23,93457000000.0,1348000000.0,8.217028178824702,1.0,2.0563950000000006,False,False,fre_capital_social,2014-11-04
ITUB4,19348,2014-12-31,2015-02-03,2015-03-31,100617000000.0,5530832681.0,17.94666476550387,consolidado,False,CVM dados abertos DFP v1,60.872.504/0001-23,99260000000.0,1357000000.0,8.727245867405758,1.0,2.0563950000000006,False,False,fre_capital_social,2015-02-03
ITUB4,19348,2015-03-31,2015-05-05,2015-06-30,102060000000.0,5530832681.0,18.14645385039085,consolidado,False,CVM dados abertos ITR v1,60.872.504/0001-23,100365000000.0,1695000000.0,8.824400881343733,1.0,2.0563950000000006,False,False,fre_capital_social,2015-05-05
ITUB4,19348,2015-06-30,2015-08-04,2015-09-30,105735000000.0,6083915949.0,17.087514172033806,consolidado,False,CVM dados abertos ITR v1,60.872.504/0001-23,103959000000.0,1776000000.0,8.309451332080558,1.0,2.0563950000000006,False,False,fre_capital_social,2015-08-04
ITUB4,19348,2015-09-30,2015-11-03,2015-12-30,111613000000.0,6083915949.0,18.038217641392336,consolidado,False,CVM dados abertos ITR v1,60.872.504/0001-23,109743000000.0,1870000000.0,9.648943615176831,1.0,1.8694500000000005,False,False,fre_capital_social,2015-11-03
ITUB4,19348,2015-12-31,2016-02-02,2016-03-31,114059000000.0,6083915949.0,18.45061650111235,consolidado,False,CVM dados abertos DFP v1,60.872.504/0001-23,112252000000.0,1807000000.0,9.869542646827862,1.0,1.8694500000000005,False,False,fre_capital_social,2016-02-02
ITUB4,19348,2016-03-31,2016-05-03,2016-06-30,114860000000.0,6083915949.0,18.587863630592704,consolidado,False,CVM dados abertos ITR v1,60.872.504/0001-23,113087000000.0,1773000000.0,9.942958426592153,1.0,1.8694500000000005,False,False,fre_capital_social,2016-05-03
ITUB4,19348,2016-06-30,2016-08-02,2016-09-30,131120000000.0,5983915949.0,19.64984150882832,consolidado,False,CVM dados abertos ITR v2,60.872.504/0001-23,117583000000.0,13537000000.0,10.5110281145943,1.0,1.8694500000000005,False,False,fre_capital_social,2016-08-02
ITUB4,19348,2016-09-30,2016-10-31,2016-12-30,135565000000.0,6582307543.0,18.525722051635228,consolidado,False,CVM dados abertos ITR v1,60.872.504/0001-23,121942000000.0,13623000000.0,9.909717859068296,1.0,1.8694500000000005,False,False,fre_capital_social,2016-10-31
ITUB4,19348,2016-12-31,2017-02-07,2017-03-31,134814000000.0,6582307543.0,18.62295239157591,consolidado,False,CVM dados abertos DFP v1,60.872.504/0001-23,122582000000.0,12232000000.0,10.957900789394474,1.0,1.6995000000000002,False,False,fre_capital_social,2017-02-07
ITUB4,19348,2017-03-31,2017-05-03,2017-06-30,134159000000.0,6582307543.0,18.559296903396,consolidado,False,CVM dados abertos ITR v1,60.872.504/0001-23,122163000000.0,11996000000.0,10.920445368282431,1.0,1.6995000000000002,False,False,fre_capital_social,2017-05-03
ITUB4,19348,2017-06-30,2017-08-11,2017-09-30,138492000000.0,6582307543.0,19.1337155210768,consolidado,False,CVM dados abertos ITR v2,60.872.504/0001-23,125944000000.0,12548000000.0,11.25843808242236,1.0,1.6995000000000002,False,False,fre_capital_social,2017-07-31
ITUB4,19348,2017-09-30,2017-10-30,2017-12-30,143691000000.0,6582307543.0,19.96412339313268,consolidado,False,CVM dados abertos ITR v1,60.872.504/0001-23,131410000000.0,12281000000.0,11.747057012728847,1.0,1.6995000000000002,False,False,fre_capital_social,2017-10-30
ITUB4,19348,2017-12-31,2018-02-05,2018-03-31,148006000000.0,6582307543.0,20.48521724625227,consolidado,False,CVM dados abertos DFP v1,60.872.504/0001-23,134840000000.0,13166000000.0,12.05367298985129,1.0,1.6995000000000002,False,False,fre_capital_social,2018-02-05
ITUB4,19348,2018-03-31,2018-05-01,2018-06-30,136389000000.0,6536090232.0,18.82333254789742,consolidado,False,CVM dados abertos ITR v1,60.872.504/0001-23,123031000000.0,13358000000.0,11.075806147630136,1.0,1.6995000000000002,False,False,fre_capital_social,2018-05-01
ITUB4,19348,2018-06-30,2018-07-30,2018-09-30,140775000000.0,6536090232.0,19.328986521861715,consolidado,False,CVM dados abertos ITR v1,60.872.504/0001-23,126336000000.0,14439000000.0,11.373337170851256,1.0,1.6995000000000002,False,False,fre_capital_social,2018-07-30
ITUB4,19348,2018-09-30,2018-10-29,2018-12-30,144907000000.0,9804135348.0,13.247369134545329,consolidado,False,CVM dados abertos ITR v1,60.872.504/0001-23,129879000000.0,15028000000.0,11.69229402872491,1.0,1.6995000000000002,False,False,fre_capital_social,2018-10-29
ITUB4,19348,2018-12-31,2019-02-19,2019-03-31,150466000000.0,9804135348.0,13.95145978149954,consolidado,False,CVM dados abertos DFP v2,60.872.504/0001-23,136782000000.0,13684000000.0,12.313733258163758,1.0,1.1330000000000002,False,False,fre_capital_social,2019-02-04
ITUB4,19348,2019-03-31,2019-05-02,2019-06-30,138659000000.0,9804135348.0,12.724630533119807,consolidado,False,CVM dados abertos ITR v1,60.872.504/0001-23,124754000000.0,13905000000.0,11.230918387572643,1.0,1.1330000000000002,False,False,fre_capital_social,2019-05-02
ITUB4,19348,2019-06-30,2019-11-25,2019-11-25,143813000000.0,9804135348.0,13.250939056701403,consolidado,False,CVM dados abertos ITR v2,60.872.504/0001-23,129914000000.0,13899000000.0,11.695444886762049,1.0,1.1330000000000002,False,False,fre_capital_social,2019-07-29
ITUB4,19348,2019-09-30,2019-11-04,2019-12-30,143862000000.0,9804135348.0,13.196472244377262,consolidado,False,CVM dados abertos ITR v1,60.872.504/0001-23,129380000000.0,14482000000.0,11.647371795566864,1.0,1.1330000000000002,False,False,fre_capital_social,2019-11-04
ITUB4,19348,2019-12-31,2020-02-10,2020-03-31,149465000000.0,9804135348.0,13.966045463451511,consolidado,False,CVM dados abertos DFP v1,60.872.504/0001-23,136925000000.0,12540000000.0,12.326606763858347,1.0,1.1330000000000002,False,False,fre_capital_social,2020-02-10
ITUB4,19348,2020-03-31,2020-05-04,2020-06-30,143517000000.0,9762259000.0,13.296922361924633,consolidado,False,CVM dados abertos ITR v1,60.872.504/0001-23,129808000000.0,13709000000.0,11.73603032826534,1.0,1.1330000000000002,False,False,composicao_capital_x1000,2020-05-04
ITUB4,19348,2020-06-30,2020-08-03,2020-09-30,142933000000.0,9762456000.0,13.488511497516608,consolidado,False,CVM dados abertos ITR v1,60.872.504/0001-23,131681000000.0,11252000000.0,11.905129300544225,1.0,1.1330000000000002,False,False,composicao_capital_x1000,2020-08-03
ITUB4,19348,2020-09-30,2020-11-03,2020-12-30,147928000000.0,9762457000.0,13.912993419586892,consolidado,False,CVM dados abertos ITR v1,60.872.504/0001-23,135825000000.0,12103000000.0,12.279782365036974,1.0,1.1330000000000002,False,False,composicao_capital_x1000,2020-11-03
ITUB4,19348,2020-12-31,2021-02-25,2021-03-31,154525000000.0,9762457000.0,14.647234809843464,consolidado,False,CVM dados abertos DFP v3,60.872.504/0001-23,142993000000.0,11532000000.0,12.9278330183967,1.0,1.1330000000000002,False,False,composicao_capital_x1000,2021-02-01
ITUB4,19348,2021-03-31,2021-05-03,2021-06-30,159774000000.0,9779659000.0,15.057273469351028,consolidado,False,CVM dados abertos ITR v1,60.872.504/0001-23,147255000000.0,12519000000.0,13.289738278332766,1.0,1.1330000000000002,False,False,composicao_capital_x1000,2021-05-03
ITUB4,19348,2021-06-30,2021-08-02,2021-09-30,154414000000.0,9779887000.0,14.65804257247553,consolidado,False,CVM dados abertos ITR v1,60.872.504/0001-23,143354000000.0,11060000000.0,12.93737208515051,1.0,1.1330000000000002,False,False,composicao_capital_x1000,2021-08-02
ITUB4,19348,2021-09-30,2021-11-03,2021-12-30,158962000000.0,9779887000.0,15.092812422065816,consolidado,False,CVM dados abertos ITR v1,60.872.504/0001-23,147606000000.0,11356000000.0,13.321105403412016,1.0,1.1330000000000002,False,False,composicao_capital_x1000,2021-11-03
ITUB4,19348,2021-12-31,2022-02-10,2022-03-31,164476000000.0,9779890000.0,15.630441651184215,consolidado,False,CVM dados abertos DFP v1,60.872.504/0001-23,152864000000.0,11612000000.0,13.795623699191715,1.0,1.1330000000000002,False,False,composicao_capital_x1000,2022-02-10
ITUB4,19348,2022-03-31,2022-05-09,2022-06-30,162941000000.0,9800496000.0,15.597781989809496,consolidado,False,CVM dados abertos ITR v1,60.872.504/0001-23,152866000000.0,10075000000.0,13.766797872735651,1.0,1.1330000000000002,False,False,composicao_capital_x1000,2022-05-09
ITUB4,19348,2022-06-30,2022-08-08,2022-09-30,167848000000.0,9800861000.0,16.041651850791478,consolidado,False,CVM dados abertos ITR v1,60.872.504/0001-23,157222000000.0,10626000000.0,14.158562975102802,1.0,1.1330000000000002,False,False,composicao_capital_x1000,2022-08-08
ITUB4,19348,2022-09-30,2022-11-10,2022-12-30,173717000000.0,9800866000.0,16.822493032758533,consolidado,False,CVM dados abertos ITR v1,60.872.504/0001-23,164875000000.0,8842000000.0,14.84774318866596,1.0,1.1330000000000002,False,False,composicao_capital_x1000,2022-11-10
ITUB4,19348,2022-12-31,2023-02-07,2023-03-31,177343000000.0,9800866000.0,17.136546913303377,consolidado,False,CVM dados abertos DFP v1,60.872.504/0001-23,167953000000.0,9390000000.0,15.124931079702888,1.0,1.1330000000000002,False,False,composicao_capital_x1000,2023-02-07
ITUB4,19348,2023-03-31,2023-05-08,2023-06-30,181519000000.0,9799579000.0,17.505854078017023,consolidado,False,CVM dados abertos ITR v1,60.872.504/0001-23,171550000000.0,9969000000.0,15.450886211842032,1.0,1.1330000000000002,False,False,composicao_capital_x1000,2023-05-08
ITUB4,19348,2023-06-30,2023-08-07,2023-09-30,188941000000.0,9799944000.0,18.25041041050847,consolidado,False,CVM dados abertos ITR v1,60.872.504/0001-23,178853000000.0,10088000000.0,16.10804096249644,1.0,1.1330000000000002,False,False,composicao_capital_x1000,2023-08-07
ITUB4,19348,2023-09-30,2023-11-06,2023-12-30,192674000000.0,9802880000.0,18.732862179277927,consolidado,False,CVM dados abertos ITR v1,60.872.504/0001-23,183636000000.0,9038000000.0,16.533858940227645,1.0,1.1330000000000002,False,False,composicao_capital_x1000,2023-11-06
ITUB4,19348,2023-12-31,2024-02-05,2024-03-31,199050000000.0,9803699000.0,19.39849438461952,consolidado,False,CVM dados abertos DFP v1,60.872.504/0001-23,190177000000.0,8873000000.0,17.12135426709578,1.0,1.1330000000000002,False,False,composicao_capital_x1000,2024-02-05
ITUB4,19348,2024-03-31,2024-05-06,2024-06-30,193677000000.0,9802082000.0,18.929345826733545,consolidado,False,CVM dados abertos ITR v1,60.872.504/0001-23,185547000000.0,8130000000.0,16.70727787002078,1.0,1.1330000000000002,False,False,composicao_capital_x1000,2024-05-06
ITUB4,19348,2024-06-30,2024-08-06,2024-09-30,202733000000.0,9792447000.0,19.78555513244034,consolidado,False,CVM dados abertos ITR v1,60.872.504/0001-23,193749000000.0,8984000000.0,17.462978934192705,1.0,1.1330000000000002,False,False,composicao_capital_x1000,2024-08-06
ITUB4,19348,2024-09-30,2024-11-04,2024-12-30,210987000000.0,9792683000.0,20.56280183888317,consolidado,False,CVM dados abertos ITR v1,60.872.504/0001-23,201365000000.0,9622000000.0,18.14898661860827,1.0,1.1330000000000002,False,False,composicao_capital_x1000,2024-11-04
ITUB4,19348,2024-12-31,2025-02-05,2025-03-31,221284000000.0,9748073000.0,21.65453623500768,consolidado,False,CVM dados abertos DFP v1,60.872.504/0001-23,211090000000.0,10194000000.0,19.1125650794419,1.0,1.1330000000000002,False,False,composicao_capital_x1000,2025-02-05
ITUB4,19348,2025-03-31,2025-05-08,2025-06-30,211022000000.0,10783595000.0,18.652406734488824,consolidado,False,CVM dados abertos ITR v1,60.872.504/0001-23,201140000000.0,9882000000.0,18.109132751930897,1.0,1.03,False,False,composicao_capital_x1000,2025-05-08
ITUB4,19348,2025-06-30,2025-08-05,2025-09-30,218451000000.0,10783971000.0,19.338609126452585,consolidado,False,CVM dados abertos ITR v1,60.872.504/0001-23,208547000000.0,9904000000.0,18.775348666458815,1.0,1.03,False,False,composicao_capital_x1000,2025-08-05
ITUB4,19348,2025-09-30,2025-11-04,2025-12-30,224707000000.0,10784501000.0,19.928413934033667,consolidado,False,CVM dados abertos ITR v1,60.872.504/0001-23,214918000000.0,9789000000.0,19.34797469323657,1.0,1.03,False,False,composicao_capital_x1000,2025-11-04
ITUB4,19348,2025-12-31,2026-02-12,2026-03-31,215076000000.0,11026524000.0,18.546279861178373,consolidado,False,CVM dados abertos DFP v2,60.872.504/0001-23,204501000000.0,10575000000.0,18.546279861178373,1.0,1.0,False,False,composicao_capital_x1000,2026-02-04
ITUB4,19348,2026-03-31,2026-05-05,2026-06-30,220017000000.0,11021359000.0,19.02714538198057,consolidado,False,CVM dados abertos ITR v1,60.872.504/0001-23,209705000000.0,10312000000.0,19.02714538198057,1.0,1.0,False,False,composicao_capital_x1000,2026-05-05
ITUB4,19348,2026-06-30,2026-08-04,2026-09-30,228026000000.0,11021872000.0,19.75880322326371,consolidado,False,CVM dados abertos ITR v1,60.872.504/0001-23,217779000000.0,10247000000.0,19.75880322326371,1.0,1.0,False,False,composicao_capital_x1000,2026-08-04
IRBR3,24180,2016-12-31,2017-07-31,2017-07-31,3328217000.0,,,consolidado,False,CVM dados abertos DFP v1,33.376.989/0001-91,3328217000.0,0.0,,1.0,0.1,False,False,,2017-07-31
IRBR3,24180,2017-03-31,2017-07-31,2017-07-31,3091059000.0,312000001.0,9.90724035286141,consolidado,False,CVM dados abertos ITR v1,33.376.989/0001-91,3091059000.0,0.0,99.07240352861407,1.0,0.1,False,False,fre_capital_social,2017-07-31
IRBR3,24180,2017-06-30,2017-08-04,2017-09-30,3271516000.0,312000001.0,10.485628171520425,consolidado,False,CVM dados abertos ITR v1,33.376.989/0001-91,3271516000.0,0.0,104.85628171520422,1.0,0.1,False,False,fre_capital_social,2017-08-04
IRBR3,24180,2017-09-30,2017-10-31,2017-12-30,3439168000.0,312000001.0,11.022974323644313,consolidado,False,CVM dados abertos ITR v1,33.376.989/0001-91,3439168000.0,0.0,110.22974323644311,1.0,0.1,False,False,fre_capital_social,2017-10-31
IRBR3,24180,2017-12-31,2018-02-08,2018-03-31,3581183000.0,312000001.0,11.478150604236696,consolidado,False,CVM dados abertos DFP v1,33.376.989/0001-91,3581183000.0,0.0,114.78150604236696,1.0,0.1,False,False,fre_capital_social,2018-02-08
IRBR3,24180,2018-03-31,2018-05-03,2018-06-30,3338759000.0,312000001.0,10.70115060672708,consolidado,False,CVM dados abertos ITR v1,33.376.989/0001-91,3338759000.0,0.0,107.01150606727082,1.0,0.1,False,False,fre_capital_social,2018-05-03
IRBR3,24180,2018-06-30,2018-08-02,2018-09-30,3521256000.0,312000001.0,11.2860768869036,consolidado,False,CVM dados abertos ITR v1,33.376.989/0001-91,3521256000.0,0.0,112.860768869036,1.0,0.1,False,False,fre_capital_social,2018-08-02
IRBR3,24180,2018-09-30,2018-10-31,2018-12-30,3762166000.0,312000001.0,12.058224320326204,consolidado,False,CVM dados abertos ITR v1,33.376.989/0001-91,3762166000.0,0.0,120.58224320326204,1.0,0.1,False,False,fre_capital_social,2018-10-31
IRBR3,24180,2018-12-31,2019-03-08,2019-03-31,4000780000.0,312000001.0,12.82301277941342,consolidado,False,CVM dados abertos DFP v4,33.376.989/0001-91,4000780000.0,0.0,128.2301277941342,1.0,0.1,False,False,fre_capital_social,2019-02-07
IRBR3,24180,2019-03-31,2019-05-06,2019-06-30,3661170000.0,312000001.0,11.734519193158592,consolidado,False,CVM dados abertos ITR v2,33.376.989/0001-91,3661170000.0,0.0,117.34519193158592,1.0,0.1,False,False,fre_capital_social,2019-05-02
IRBR3,24180,2019-06-30,2019-08-05,2019-09-30,3982188000.0,312000001.0,12.76342303601467,consolidado,False,CVM dados abertos ITR v1,33.376.989/0001-91,3982188000.0,0.0,127.63423036014667,1.0,0.1,False,False,fre_capital_social,2019-08-05
IRBR3,24180,2019-09-30,2019-11-06,2019-12-30,4262220000.0,936000001.0,4.553653841288831,consolidado,False,CVM dados abertos ITR v1,33.376.989/0001-91,4262220000.0,0.0,136.60961523866496,1.0,0.0333333333333333,False,False,fre_capital_social,2019-11-06
IRBR3,24180,2019-12-31,2021-02-18,2021-02-18,3945150000.0,936000001.0,4.214903841650743,consolidado,False,CVM dados abertos DFP v5,33.376.989/0001-91,3945150000.0,0.0,126.44711524952233,1.0,0.0333333333333333,False,False,fre_capital_social,2020-02-18
IRBR3,24180,2020-03-31,2020-06-30,2020-06-30,3560953000.0,923486792.0,3.855986930022059,consolidado,False,CVM dados abertos ITR v2,33.376.989/0001-91,3560953000.0,0.0,115.67960790066178,1.0,0.0333333333333333,False,False,composicao_capital,2020-06-30
IRBR3,24180,2020-06-30,2020-08-28,2020-09-30,2880315000.0,923486792.0,3.118956356443482,consolidado,False,CVM dados abertos ITR v1,33.376.989/0001-91,2880315000.0,0.0,93.56869069330448,1.0,0.0333333333333333,False,False,composicao_capital,2020-08-28
IRBR3,24180,2020-09-30,2020-11-03,2020-12-30,4876150000.0,1255377123.0,3.8842112944892335,consolidado,False,CVM dados abertos ITR v1,33.376.989/0001-91,4876150000.0,0.0,116.526338834677,1.0,0.0333333333333333,False,False,composicao_capital,2020-11-03
IRBR3,24180,2020-12-31,2021-02-18,2021-03-31,4256130000.0,1255286532.0,3.390564537658881,consolidado,False,CVM dados abertos DFP v1,33.376.989/0001-91,4256130000.0,0.0,101.71693612976642,1.0,0.0333333333333333,False,False,composicao_capital,2021-02-18
IRBR3,24180,2021-03-31,2021-05-13,2021-06-30,4395844000.0,1255286532.0,3.5018650227978387,consolidado,False,CVM dados abertos ITR v1,33.376.989/0001-91,4395844000.0,0.0,105.05595068393517,1.0,0.0333333333333333,False,False,composicao_capital,2021-05-13
IRBR3,24180,2021-06-30,2021-08-17,2021-09-30,4211778000.0,1255286532.0,3.3552323653863594,consolidado,False,CVM dados abertos ITR v2,33.376.989/0001-91,4211778000.0,0.0,100.6569709615908,1.0,0.0333333333333333,False,False,composicao_capital,2021-08-16
IRBR3,24180,2021-09-30,2021-11-11,2021-12-30,4025515000.0,1255286532.0,3.206849509957142,consolidado,False,CVM dados abertos ITR v1,33.376.989/0001-91,4025515000.0,0.0,96.20548529871424,1.0,0.0333333333333333,False,False,composicao_capital,2021-11-11
IRBR3,24180,2021-12-31,2022-02-24,2022-03-31,3634360000.0,1255286532.0,2.8952433626524403,consolidado,False,CVM dados abertos DFP v1,33.376.989/0001-91,3634360000.0,0.0,86.85730087957322,1.0,0.0333333333333333,False,False,composicao_capital,2022-02-24
IRBR3,24180,2022-03-31,2022-05-16,2022-06-30,3693410000.0,1255286532.0,2.942284415427792,consolidado,False,CVM dados abertos ITR v1,33.376.989/0001-91,3693410000.0,0.0,88.26853246283376,1.0,0.0333333333333333,False,False,composicao_capital,2022-05-16
IRBR3,24180,2022-06-30,2022-08-25,2022-09-30,3263451000.0,1255286532.0,2.5997658039081077,consolidado,False,CVM dados abertos ITR v2,33.376.989/0001-91,3263451000.0,0.0,77.99297411724322,1.0,0.0333333333333333,False,False,composicao_capital,2022-08-15
IRBR3,24180,2022-09-30,2022-11-10,2022-12-30,4106821000.0,2455286532.0,1.672644290788624,consolidado,True,CVM dados abertos ITR v1,33.376.989/0001-91,4106821000.0,0.0,50.17932872365871,1.0,0.0333333333333333,False,False,composicao_capital,2022-11-10
IRBR3,24180,2022-12-31,2023-03-21,2023-03-31,4073511000.0,81842887.0,49.772327801681776,consolidado,False,CVM dados abertos DFP v3,33.376.989/0001-91,4073511000.0,0.0,49.772327801681776,1.0,0.0333333333333333,False,False,composicao_capital,2023-03-08
IRBR3,24180,2023-03-31,2024-04-06,2024-04-06,4341332000.0,81842887.0,53.04470747714459,consolidado,False,CVM dados abertos ITR v3,33.376.989/0001-91,4341332000.0,0.0,53.04470747714459,1.0,1.0,False,False,composicao_capital,2023-05-15
IRBR3,24180,2023-06-30,2024-04-06,2024-04-06,4304381000.0,81842887.0,52.59322047131597,consolidado,False,CVM dados abertos ITR v4,33.376.989/0001-91,4304381000.0,0.0,52.59322047131597,1.0,1.0,False,False,composicao_capital,2023-08-14
IRBR3,24180,2023-09-30,2024-04-06,2024-04-06,4330918000.0,81842887.0,52.917463676470746,consolidado,False,CVM dados abertos ITR v4,33.376.989/0001-91,4330918000.0,0.0,52.917463676470746,1.0,1.0,False,False,composicao_capital,2023-11-09
IRBR3,24180,2023-12-31,2024-03-28,2024-03-31,4257395000.0,81842887.0,52.01912048874816,consolidado,False,CVM dados abertos DFP v1,33.376.989/0001-91,4257395000.0,0.0,52.01912048874816,1.0,1.0,False,False,composicao_capital,2024-03-28
IRBR3,24180,2024-03-31,2024-05-13,2024-06-30,4456842000.0,81842887.0,54.45607020192237,consolidado,False,CVM dados abertos ITR v1,33.376.989/0001-91,4456842000.0,0.0,54.45607020192237,1.0,1.0,False,False,composicao_capital,2024-05-13
IRBR3,24180,2024-06-30,2024-08-28,2024-09-30,4588742000.0,81842887.0,56.06769467944111,consolidado,False,CVM dados abertos ITR v2,33.376.989/0001-91,4588742000.0,0.0,56.06769467944111,1.0,1.0,False,False,composicao_capital,2024-08-14
IRBR3,24180,2024-09-30,2024-11-12,2024-12-30,4785347000.0,81842887.0,58.4699193223719,consolidado,False,CVM dados abertos ITR v1,33.376.989/0001-91,4785347000.0,0.0,58.4699193223719,1.0,1.0,False,False,composicao_capital,2024-11-12
IRBR3,24180,2024-12-31,2025-02-26,2025-03-31,4926059000.0,81842887.0,60.189213511004326,consolidado,False,CVM dados abertos DFP v2,33.376.989/0001-91,4926059000.0,0.0,60.189213511004326,1.0,1.0,False,False,composicao_capital,2025-02-25
IRBR3,24180,2025-03-31,2025-06-02,2025-06-30,5087451000.0,81842886.0,62.1611877176472,consolidado,False,CVM dados abertos ITR v2,33.376.989/0001-91,5087451000.0,0.0,62.1611877176472,1.0,1.0,False,False,composicao_capital,2025-05-12
IRBR3,24180,2025-06-30,2025-08-14,2025-09-30,5207666000.0,81842886.0,63.63003865723894,consolidado,False,CVM dados abertos ITR v1,33.376.989/0001-91,5207666000.0,0.0,63.63003865723894,1.0,1.0,False,False,composicao_capital,2025-08-14
IRBR3,24180,2025-09-30,2025-11-13,2025-12-30,5327120000.0,81842886.0,65.08959129324936,consolidado,False,CVM dados abertos ITR v1,33.376.989/0001-91,5327120000.0,0.0,65.08959129324936,1.0,1.0,False,False,composicao_capital,2025-11-13
IRBR3,24180,2025-12-31,2026-03-31,2026-03-31,5282690000.0,81622887.0,64.72069531184312,consolidado,False,CVM dados abertos DFP v3,33.376.989/0001-91,5282690000.0,0.0,64.72069531184312,1.0,1.0,False,False,composicao_capital,2026-02-12
IRBR3,24180,2026-03-31,2026-05-04,2026-06-30,5314838000.0,81622886.0,65.11455622875182,consolidado,False,CVM dados abertos ITR v1,33.376.989/0001-91,5314838000.0,0.0,65.11455622875182,1.0,1.0,False,False,composicao_capital,2026-05-04
IRBR3,24180,2026-06-30,2026-08-14,2026-09-30,5328366000.0,81168797.0,65.64549675412832,consolidado,False,CVM dados abertos ITR v2,33.376.989/0001-91,5328366000.0,0.0,65.64549675412832,1.0,1.0,False,False,composicao_capital,2026-08-13
AXIA3,2437,2010-12-31,2012-03-20,2012-03-20,70530411000.0,,,consolidado,False,CVM dados abertos DFP v4,00.001.180/0001-26,70304115000.0,226296000.0,,1.0,1.0,False,False,,2011-05-13
AXIA3,2437,2011-03-31,2011-06-20,2011-06-30,76999406000.0,1352634100.0,56.74098338937337,consolidado,False,CVM dados abertos ITR v1,00.001.180/0001-26,76749789000.0,249617000.0,56.74098338937337,1.0,1.0,False,False,fre_capital_social,2011-06-20
AXIA3,2437,2011-06-30,2011-08-26,2011-09-30,76278310000.0,1352634100.0,56.22069190773765,consolidado,False,CVM dados abertos ITR v3,00.001.180/0001-26,76046025000.0,232285000.0,56.22069190773765,1.0,1.0,False,False,fre_capital_social,2011-08-23
AXIA3,2437,2011-09-30,2011-11-16,2011-12-30,77738193000.0,1352634100.0,57.296282120937214,consolidado,False,CVM dados abertos ITR v2,00.001.180/0001-26,77500905000.0,237288000.0,57.296282120937214,1.0,1.0,False,False,fre_capital_social,2011-11-10
AXIA3,2437,2011-12-31,2012-04-17,2012-04-17,77202321000.0,1352634100.0,56.810270419768365,consolidado,False,CVM dados abertos DFP v1,00.001.180/0001-26,76843509000.0,358812000.0,56.810270419768365,1.0,1.0,False,False,fre_capital_social,2012-04-17
AXIA3,2437,2012-03-31,2012-06-01,2012-06-30,78455461000.0,1352634100.0,57.806824476774615,consolidado,False,CVM dados abertos ITR v2,00.001.180/0001-26,78191482000.0,263979000.0,57.806824476774615,1.0,1.0,False,False,fre_capital_social,2012-05-29
AXIA3,2437,2012-06-30,2012-08-14,2012-09-30,79037975000.0,1352634100.0,58.24487272648235,consolidado,False,CVM dados abertos ITR v1,00.001.180/0001-26,78784001000.0,253974000.0,58.24487272648235,1.0,1.0,False,False,fre_capital_social,2012-08-14
AXIA3,2437,2012-09-30,2012-11-14,2012-12-30,79793446000.0,1352634100.0,58.83788380020879,consolidado,False,CVM dados abertos ITR v1,00.001.180/0001-26,79586128000.0,207318000.0,58.83788380020879,1.0,1.0,False,False,fre_capital_social,2012-11-14
AXIA3,2437,2012-12-31,2013-04-12,2013-04-12,67280593000.0,1352634100.0,49.59504199990226,consolidado,False,CVM dados abertos DFP v3,00.001.180/0001-26,67083945000.0,196648000.0,49.59504199990226,1.0,1.0,False,False,fre_capital_social,2013-03-27
AXIA3,2437,2013-03-31,2013-05-15,2013-06-30,67008000000.0,1352634100.0,49.37936726569292,consolidado,False,CVM dados abertos ITR v1,00.001.180/0001-26,66792216000.0,215784000.0,49.37936726569292,1.0,1.0,False,False,fre_capital_social,2013-05-15
AXIA3,2437,2013-06-30,2013-08-14,2013-09-30,66670474000.0,1352634100.0,49.13364745129522,consolidado,False,CVM dados abertos ITR v1,00.001.180/0001-26,66459847000.0,210627000.0,49.13364745129522,1.0,1.0,False,False,fre_capital_social,2013-08-14
AXIA3,2437,2013-09-30,2013-11-14,2013-12-30,65701797000.0,1352634100.0,48.41941068911393,consolidado,False,CVM dados abertos ITR v1,00.001.180/0001-26,65493746000.0,208051000.0,48.41941068911393,1.0,1.0,False,False,fre_capital_social,2013-11-14
AXIA3,2437,2013-12-31,2014-04-03,2014-04-03,60688908000.0,1352634100.0,44.72289290947197,consolidado,False,CVM dados abertos DFP v2,00.001.180/0001-26,60493710000.0,195198000.0,44.72289290947197,1.0,1.0,False,False,fre_capital_social,2014-03-28
AXIA3,2437,2014-03-31,2014-05-15,2014-06-30,61640474000.0,1352634100.0,45.42050433298998,consolidado,False,CVM dados abertos ITR v1,00.001.180/0001-26,61437323000.0,203151000.0,45.42050433298998,1.0,1.0,False,False,fre_capital_social,2014-05-15
AXIA3,2437,2014-06-30,2014-08-12,2014-09-30,61155220000.0,1352634100.0,45.05102673368948,consolidado,False,CVM dados abertos ITR v1,00.001.180/0001-26,60937555000.0,217665000.0,45.05102673368948,1.0,1.0,False,False,fre_capital_social,2014-08-12
AXIA3,2437,2014-09-30,2014-11-14,2014-12-30,58565581000.0,1352634100.0,43.09424551695096,consolidado,False,CVM dados abertos ITR v1,00.001.180/0001-26,58290746000.0,274835000.0,43.09424551695096,1.0,1.0,False,False,fre_capital_social,2014-11-14
AXIA3,2437,2014-12-31,2015-04-09,2015-04-09,56848500000.0,1352634100.0,41.7995901478456,consolidado,False,CVM dados abertos DFP v2,00.001.180/0001-26,56539551000.0,308949000.0,41.7995901478456,1.0,1.0,False,False,fre_capital_social,2015-03-27
AXIA3,2437,2015-03-31,2015-05-15,2015-06-30,57996422000.0,1352634100.0,42.75237035647704,consolidado,False,CVM dados abertos ITR v1,00.001.180/0001-26,57828314000.0,168108000.0,42.75237035647704,1.0,1.0,False,False,fre_capital_social,2015-05-15
AXIA3,2437,2015-06-30,2015-08-14,2015-09-30,56547509000.0,1352634100.0,41.72043274674208,consolidado,False,CVM dados abertos ITR v1,00.001.180/0001-26,56432480000.0,115029000.0,41.72043274674208,1.0,1.0,False,False,fre_capital_social,2015-08-14
AXIA3,2437,2015-09-30,2015-11-12,2015-12-30,52252927000.0,1352634100.0,38.71412084021836,consolidado,False,CVM dados abertos ITR v1,00.001.180/0001-26,52366040000.0,-113113000.0,38.71412084021836,1.0,1.0,False,False,fre_capital_social,2015-11-12
AXIA3,2437,2015-12-31,2016-03-31,2016-03-31,41739222000.0,1352634100.0,31.11855157281633,consolidado,False,CVM dados abertos DFP v2,00.001.180/0001-26,42092014000.0,-352792000.0,31.11855157281633,1.0,1.0,False,False,fre_capital_social,2016-03-30
AXIA3,2437,2016-03-31,2016-05-11,2016-06-30,37796932000.0,1352634100.0,28.200644209694254,consolidado,False,CVM dados abertos ITR v1,00.001.180/0001-26,38145153000.0,-348221000.0,28.200644209694254,1.0,1.0,False,False,fre_capital_social,2016-05-11
AXIA3,2437,2016-06-30,2016-08-15,2016-09-30,50780397000.0,1352634100.0,37.65941358420581,consolidado,True,CVM dados abertos ITR v1,00.001.180/0001-26,50939407000.0,-159010000.0,37.65941358420581,1.0,1.0,False,False,fre_capital_social,2016-08-15
AXIA3,2437,2016-09-30,2016-11-09,2016-12-30,51318820000.0,1352634100.0,38.298587918196056,consolidado,False,CVM dados abertos ITR v1,00.001.180/0001-26,51803976000.0,-485156000.0,38.298587918196056,1.0,1.0,False,False,fre_capital_social,2016-11-09
AXIA3,2437,2016-12-31,2017-03-27,2017-03-31,44064927000.0,1352634100.0,32.679547262633704,consolidado,False,CVM dados abertos DFP v1,00.001.180/0001-26,44203470000.0,-138543000.0,32.679547262633704,1.0,1.0,False,False,fre_capital_social,2017-03-27
AXIA3,2437,2017-03-31,2017-05-12,2017-06-30,45866265000.0,1352634100.0,33.72649706228758,consolidado,False,CVM dados abertos ITR v1,00.001.180/0001-26,45619610000.0,246655000.0,33.72649706228758,1.0,1.0,False,False,fre_capital_social,2017-05-12
AXIA3,2437,2017-06-30,2017-08-14,2017-09-30,46226803000.0,1352634100.0,33.98104631548177,consolidado,False,CVM dados abertos ITR v2,00.001.180/0001-26,45963922000.0,262881000.0,33.98104631548177,1.0,1.0,False,False,fre_capital_social,2017-08-10
AXIA3,2437,2017-09-30,2017-11-13,2017-12-30,46831978000.0,1352634100.0,34.418970363086366,consolidado,False,CVM dados abertos ITR v1,00.001.180/0001-26,46556273000.0,275705000.0,34.418970363086366,1.0,1.0,False,False,fre_capital_social,2017-11-13
AXIA3,2437,2017-12-31,2018-03-27,2018-03-31,42752532000.0,1352634100.0,31.30142660162124,consolidado,False,CVM dados abertos DFP v1,00.001.180/0001-26,42339377000.0,413155000.0,31.30142660162124,1.0,1.0,False,False,fre_capital_social,2018-03-27
AXIA3,2437,2018-03-31,2018-05-15,2018-06-30,42675420000.0,1352634100.0,31.24116492405448,consolidado,False,CVM dados abertos ITR v1,00.001.180/0001-26,42257865000.0,417555000.0,31.24116492405448,1.0,1.0,False,False,fre_capital_social,2018-05-15
AXIA3,2437,2018-06-30,2018-08-14,2018-09-30,45428586000.0,1352634100.0,33.26981627921402,consolidado,False,CVM dados abertos ITR v1,00.001.180/0001-26,45001888000.0,426698000.0,33.26981627921402,1.0,1.0,False,False,fre_capital_social,2018-08-14
AXIA3,2437,2018-09-30,2018-11-12,2018-12-30,43729566000.0,1352634100.0,32.02167459773489,consolidado,False,CVM dados abertos ITR v1,00.001.180/0001-26,43313609000.0,415957000.0,32.02167459773489,1.0,1.0,False,False,fre_capital_social,2018-11-12
AXIA3,2437,2018-12-31,2019-03-27,2019-03-31,56008948000.0,1352634100.0,41.06277226043613,consolidado,True,CVM dados abertos DFP v1,00.001.180/0001-26,55542906000.0,466042000.0,41.06277226043613,1.0,1.0,False,False,fre_capital_social,2019-03-27
AXIA3,2437,2019-03-31,2019-05-13,2019-06-30,57439567000.0,1352634100.0,42.1142990554504,consolidado,False,CVM dados abertos ITR v1,00.001.180/0001-26,56965237000.0,474330000.0,42.1142990554504,1.0,1.0,False,False,fre_capital_social,2019-05-13
AXIA3,2437,2019-06-30,2019-08-12,2019-09-30,62790108000.0,1352634100.0,46.06826931244747,consolidado,False,CVM dados abertos ITR v1,00.001.180/0001-26,62313512000.0,476596000.0,46.06826931244747,1.0,1.0,False,False,fre_capital_social,2019-08-12
AXIA3,2437,2019-09-30,2019-11-11,2019-12-30,63538176000.0,1352634100.0,46.61258798665508,consolidado,False,CVM dados abertos ITR v2,00.001.180/0001-26,63049776000.0,488400000.0,46.61258798665508,1.0,1.0,False,False,fre_capital_social,2019-11-11
AXIA3,2437,2019-12-31,2020-03-27,2020-03-31,71394146000.0,1352634100.0,52.42127268564352,consolidado,False,CVM dados abertos DFP v1,00.001.180/0001-26,70906801000.0,487345000.0,52.42127268564352,1.0,1.0,False,False,fre_capital_social,2020-03-27
AXIA3,2437,2020-03-31,2020-05-28,2020-06-30,71524634000.0,1568930910.0,45.28541158004211,consolidado,False,CVM dados abertos ITR v1,00.001.180/0001-26,71049682000.0,474952000.0,45.28541158004211,1.0,1.0,False,False,composicao_capital,2020-05-28
AXIA3,2437,2020-06-30,2020-08-12,2020-09-30,76305382000.0,1568930910.0,48.318422765984,consolidado,False,CVM dados abertos ITR v1,00.001.180/0001-26,75808267000.0,497115000.0,48.318422765984,1.0,1.0,False,False,composicao_capital,2020-08-12
AXIA3,2437,2020-09-30,2020-11-11,2020-12-30,76369360000.0,1568930910.0,48.35244593402778,consolidado,False,CVM dados abertos ITR v1,00.001.180/0001-26,75861647000.0,507713000.0,48.35244593402778,1.0,1.0,False,False,composicao_capital,2020-11-11
AXIA3,2437,2020-12-31,2021-03-19,2021-03-31,73751294000.0,1568930910.0,46.83336055887892,consolidado,False,CVM dados abertos DFP v1,00.001.180/0001-26,73478307000.0,272987000.0,46.83336055887892,1.0,1.0,False,False,composicao_capital,2021-03-19
AXIA3,2437,2021-03-31,2021-06-10,2021-06-30,73074485000.0,1568930910.0,46.41101308916146,consolidado,False,CVM dados abertos ITR v2,00.001.180/0001-26,72815673000.0,258812000.0,46.41101308916146,1.0,1.0,False,False,composicao_capital,2021-05-12
AXIA3,2437,2021-06-30,2021-08-11,2021-09-30,75517981000.0,1568930910.0,47.964877561115806,consolidado,False,CVM dados abertos ITR v1,00.001.180/0001-26,75253579000.0,264402000.0,47.964877561115806,1.0,1.0,False,False,composicao_capital,2021-08-11
AXIA3,2437,2021-09-30,2021-11-16,2021-12-30,76433137000.0,1568931000.0,48.52253540786688,consolidado,False,CVM dados abertos ITR v1,00.001.180/0001-26,76128510000.0,304627000.0,48.52253540786688,1.0,1.0,False,False,composicao_capital_x1000,2021-11-16
AXIA3,2437,2021-12-31,2022-03-18,2022-03-31,76416764000.0,1568931000.0,48.51787873399149,consolidado,False,CVM dados abertos DFP v1,00.001.180/0001-26,76121204000.0,295560000.0,48.51787873399149,1.0,1.0,False,False,composicao_capital_x1000,2022-03-18
AXIA3,2437,2022-03-31,2022-06-06,2022-06-30,79120715000.0,1568931000.0,50.23554190719669,consolidado,False,CVM dados abertos ITR v3,00.001.180/0001-26,78816099000.0,304616000.0,50.23554190719669,1.0,1.0,False,False,composicao_capital_x1000,2022-05-16
AXIA3,2437,2022-06-30,2022-08-12,2022-09-30,107021697000.0,2196606000.0,48.580576125167646,consolidado,False,CVM dados abertos ITR v1,00.001.180/0001-26,106712385000.0,309312000.0,48.580576125167646,1.0,1.0,False,False,composicao_capital_x1000,2022-08-12
AXIA3,2437,2022-09-30,2022-11-09,2022-12-30,111845445000.0,2301228000.0,48.450228747433975,consolidado,False,CVM dados abertos ITR v1,00.001.180/0001-26,111495023000.0,350422000.0,48.450228747433975,1.0,1.0,False,False,composicao_capital_x1000,2022-11-09
AXIA3,2437,2022-12-31,2023-03-13,2023-03-31,111028636000.0,2301228000.0,48.01992501394908,consolidado,False,CVM dados abertos DFP v1,00.001.180/0001-26,110504796000.0,523840000.0,48.01992501394908,1.0,1.0,False,False,composicao_capital_x1000,2023-03-13
AXIA3,2437,2023-03-31,2023-05-04,2023-06-30,111017341000.0,2299108000.0,48.2291897553312,consolidado,False,CVM dados abertos ITR v1,00.001.180/0001-26,110884116000.0,133225000.0,48.2291897553312,1.0,1.0,False,False,composicao_capital_x1000,2023-05-04
AXIA3,2437,2023-06-30,2023-08-07,2023-09-30,111464404000.0,2253687000.0,49.4309280747504,consolidado,False,CVM dados abertos ITR v1,00.001.180/0001-26,111401840000.0,62564000.0,49.4309280747504,1.0,1.0,False,False,composicao_capital_x1000,2023-08-07
AXIA3,2437,2023-09-30,2023-11-08,2023-12-30,113173796000.0,2253882000.0,50.18812653013778,consolidado,False,CVM dados abertos ITR v1,00.001.180/0001-26,113118115000.0,55681000.0,50.18812653013778,1.0,1.0,False,False,composicao_capital_x1000,2023-11-08
AXIA3,2437,2023-12-31,2024-05-14,2024-05-14,112464644000.0,2250447000.0,49.91602646052095,consolidado,False,CVM dados abertos DFP v2,00.001.180/0001-26,112333372000.0,131272000.0,49.91602646052095,1.0,1.0,False,False,composicao_capital_x1000,2024-03-14
AXIA3,2437,2024-03-31,2024-07-31,2024-07-31,112715178000.0,2250447000.0,50.02662671016025,consolidado,False,CVM dados abertos ITR v3,00.001.180/0001-26,112582272000.0,132906000.0,50.02662671016025,1.0,1.0,False,False,composicao_capital_x1000,2024-05-08
AXIA3,2437,2024-06-30,2024-08-22,2024-09-30,114230126000.0,2250587000.0,50.695363476284186,consolidado,False,CVM dados abertos ITR v2,00.001.180/0001-26,114094326000.0,135800000.0,50.695363476284186,1.0,1.0,False,False,composicao_capital_x1000,2024-08-07
AXIA3,2437,2024-09-30,2024-11-06,2024-12-30,121386953000.0,2248880000.0,53.91665806979474,consolidado,False,CVM dados abertos ITR v1,00.001.180/0001-26,121252094000.0,134859000.0,53.91665806979474,1.0,1.0,False,False,composicao_capital_x1000,2024-11-06
AXIA3,2437,2024-12-31,2025-03-16,2025-03-31,121999776000.0,2247634000.0,54.21844704253451,consolidado,False,CVM dados abertos DFP v2,00.001.180/0001-26,121863225000.0,136551000.0,54.21844704253451,1.0,1.0,False,False,composicao_capital_x1000,2025-03-13
AXIA3,2437,2025-03-31,2025-05-14,2025-06-30,121577682000.0,2247783000.0,54.05062009989398,consolidado,False,CVM dados abertos ITR v2,00.001.180/0001-26,121494065000.0,83617000.0,54.05062009989398,1.0,1.0,False,False,composicao_capital_x1000,2025-05-14
AXIA3,2437,2025-06-30,2025-08-06,2025-09-30,118754822000.0,2249175000.0,52.77798170440273,consolidado,False,CVM dados abertos ITR v1,00.001.180/0001-26,118706917000.0,47905000.0,52.77798170440273,1.0,1.0,False,False,composicao_capital_x1000,2025-08-06
AXIA3,2437,2025-09-30,2025-11-05,2025-12-30,109340402000.0,2248466000.0,48.6064218894126,consolidado,False,CVM dados abertos ITR v1,00.001.180/0001-26,109289887000.0,50515000.0,48.6064218894126,1.0,1.0,False,False,composicao_capital_x1000,2025-11-05
AXIA3,2437,2025-12-31,2026-02-26,2026-03-31,118501657000.0,2839448000.0,41.70885925715139,consolidado,False,CVM dados abertos DFP v1,00.001.180/0001-26,118430137000.0,71520000.0,41.70885925715139,1.0,1.0,False,False,composicao_capital_x1000,2026-02-26
AXIA3,2437,2026-03-31,2026-05-06,2026-06-30,121196383000.0,2840009000.0,42.65746974745503,consolidado,False,CVM dados abertos ITR v1,00.001.180/0001-26,121147598000.0,48785000.0,42.65746974745503,1.0,1.0,False,False,composicao_capital_x1000,2026-05-06
AXIA3,2437,2026-06-30,2026-08-05,2026-09-30,122288170000.0,2867341000.0,42.63332892739301,consolidado,False,CVM dados abertos ITR v1,00.001.180/0001-26,122244292000.0,43878000.0,42.63332892739301,1.0,1.0,False,False,composicao_capital_x1000,2026-08-05
TAEE11,20257,2010-12-31,2011-06-09,2011-06-09,2508354000.0,263498907.0,9.519409505558215,consolidado,False,CVM dados abertos DFP v2,07.859.971/0001-30,2508354000.0,0.0,9.519409505558215,3.0,3.0,False,False,fre_capital_social,2011-03-28
TAEE11,20257,2011-03-31,2011-06-10,2011-06-30,2581188000.0,263498907.0,9.795820519285874,consolidado,False,CVM dados abertos ITR v2,07.859.971/0001-30,2581188000.0,0.0,9.795820519285874,3.0,3.0,False,False,fre_capital_social,2011-05-13
TAEE11,20257,2011-06-30,2011-08-09,2011-09-30,2116920000.0,263498907.0,8.03388531702714,consolidado,False,CVM dados abertos ITR v1,07.859.971/0001-30,2116920000.0,0.0,8.03388531702714,3.0,3.0,False,False,fre_capital_social,2011-08-09
TAEE11,20257,2011-09-30,2011-11-10,2011-12-30,2393841000.0,263498907.0,9.084823262663477,consolidado,False,CVM dados abertos ITR v1,07.859.971/0001-30,2393841000.0,0.0,9.084823262663477,3.0,3.0,False,False,fre_capital_social,2011-11-10
TAEE11,20257,2011-12-31,2012-07-02,2012-07-02,2252472000.0,263498907.0,8.548316293395478,consolidado,False,CVM dados abertos DFP v4,07.859.971/0001-30,2252472000.0,0.0,8.548316293395478,3.0,3.0,False,False,fre_capital_social,2012-03-12
TAEE11,20257,2012-03-31,2012-07-02,2012-07-02,2348294000.0,263498907.0,8.911968655718182,consolidado,False,CVM dados abertos ITR v4,07.859.971/0001-30,2348294000.0,0.0,8.911968655718182,3.0,3.0,False,False,fre_capital_social,2012-05-11
TAEE11,20257,2012-06-30,2012-10-10,2012-10-10,2207973000.0,263498907.0,8.379438932549348,consolidado,False,CVM dados abertos ITR v2,07.859.971/0001-30,2207973000.0,0.0,8.379438932549348,3.0,3.0,False,False,fre_capital_social,2012-08-10
TAEE11,20257,2012-09-30,2012-11-14,2012-12-30,4236851000.0,1033496721.0,4.099530181286371,consolidado,True,CVM dados abertos ITR v2,07.859.971/0001-30,4236851000.0,0.0,12.298590543859111,3.0,3.0,False,False,fre_capital_social,2012-11-14
TAEE11,20257,2012-12-31,2013-03-27,2013-03-31,4097243000.0,1033496721.0,3.9644470241139738,consolidado,False,CVM dados abertos DFP v1,07.859.971/0001-30,4097243000.0,0.0,11.893341072341922,3.0,1.0,False,False,fre_capital_social,2013-03-27
TAEE11,20257,2013-03-31,2013-05-15,2013-06-30,4268389000.0,1033496721.0,4.130046001374783,consolidado,False,CVM dados abertos ITR v2,07.859.971/0001-30,4268389000.0,0.0,12.39013800412435,3.0,1.0,False,False,fre_capital_social,2013-05-15
TAEE11,20257,2013-06-30,2013-08-14,2013-09-30,4111150000.0,1033496721.0,3.977903283546073,consolidado,False,CVM dados abertos ITR v1,07.859.971/0001-30,4111150000.0,0.0,11.93370985063822,3.0,1.0,False,False,fre_capital_social,2013-08-14
TAEE11,20257,2013-09-30,2013-11-13,2013-12-30,4589097000.0,1033496721.0,4.440359516147899,consolidado,False,CVM dados abertos ITR v1,07.859.971/0001-30,4589097000.0,0.0,13.321078548443696,3.0,1.0,False,False,fre_capital_social,2013-11-13
TAEE11,20257,2013-12-31,2014-03-21,2014-03-31,4305064000.0,1033496721.0,4.165532325864051,consolidado,False,CVM dados abertos DFP v1,07.859.971/0001-30,4305064000.0,0.0,12.496596977592151,3.0,1.0,False,False,fre_capital_social,2014-03-21
TAEE11,20257,2014-03-31,2014-05-14,2014-06-30,4416570000.0,1033496721.0,4.273424298556628,consolidado,False,CVM dados abertos ITR v1,07.859.971/0001-30,4416570000.0,0.0,12.820272895669884,3.0,1.0,False,False,fre_capital_social,2014-05-14
TAEE11,20257,2014-06-30,2014-08-13,2014-09-30,4108374000.0,1033496721.0,3.9752172566399455,consolidado,False,CVM dados abertos ITR v1,07.859.971/0001-30,4108374000.0,0.0,11.925651769919838,3.0,1.0,False,False,fre_capital_social,2014-08-13
TAEE11,20257,2014-09-30,2014-11-10,2014-12-30,4605995000.0,1033496721.0,4.4567098341088975,consolidado,False,CVM dados abertos ITR v1,07.859.971/0001-30,4605995000.0,0.0,13.370129502326694,3.0,1.0,False,False,fre_capital_social,2014-11-10
TAEE11,20257,2014-12-31,2015-03-12,2015-03-31,4224632000.0,1033496721.0,4.087707211990274,consolidado,False,CVM dados abertos DFP v1,07.859.971/0001-30,4224632000.0,0.0,12.263121635970824,3.0,1.0,False,False,fre_capital_social,2015-03-12
TAEE11,20257,2015-03-31,2015-05-11,2015-06-30,4426565000.0,1033496721.0,4.283095350043205,consolidado,False,CVM dados abertos ITR v2,07.859.971/0001-30,4426565000.0,0.0,12.849286050129615,3.0,1.0,False,False,fre_capital_social,2015-05-08
TAEE11,20257,2015-06-30,2015-08-19,2015-09-30,4412329000.0,1033496721.0,4.269320753848817,consolidado,False,CVM dados abertos ITR v2,07.859.971/0001-30,4412329000.0,0.0,12.80796226154645,3.0,1.0,False,False,fre_capital_social,2015-08-07
TAEE11,20257,2015-09-30,2015-11-05,2015-12-30,4261280000.0,1033496721.0,4.123167411578077,consolidado,False,CVM dados abertos ITR v1,07.859.971/0001-30,4261280000.0,0.0,12.369502234734233,3.0,1.0,False,False,fre_capital_social,2015-11-05
TAEE11,20257,2015-12-31,2016-03-14,2016-03-31,4377065000.0,1033496721.0,4.235199697358304,consolidado,False,CVM dados abertos DFP v2,07.859.971/0001-30,4377065000.0,0.0,12.705599092074912,3.0,1.0,False,False,fre_capital_social,2016-03-09
TAEE11,20257,2016-03-31,2016-05-04,2016-06-30,4630750000.0,1033496721.0,4.480662498396064,consolidado,False,CVM dados abertos ITR v1,07.859.971/0001-30,4630750000.0,0.0,13.441987495188192,3.0,1.0,False,False,fre_capital_social,2016-05-04
TAEE11,20257,2016-06-30,2016-08-08,2016-09-30,4293745000.0,1033496721.0,4.15458018661677,consolidado,False,CVM dados abertos ITR v1,07.859.971/0001-30,4293745000.0,0.0,12.46374055985031,3.0,1.0,False,False,fre_capital_social,2016-08-08
TAEE11,20257,2016-09-30,2016-11-08,2016-12-30,4312764000.0,1033496721.0,4.172982760726146,consolidado,False,CVM dados abertos ITR v1,07.859.971/0001-30,4312764000.0,0.0,12.51894828217844,3.0,1.0,False,False,fre_capital_social,2016-11-08
TAEE11,20257,2016-12-31,2017-03-10,2017-03-31,4307588000.0,1033496721.0,4.167974520356509,consolidado,False,CVM dados abertos DFP v1,07.859.971/0001-30,4307588000.0,0.0,12.503923561069527,3.0,1.0,False,False,fre_capital_social,2017-03-10
TAEE11,20257,2017-03-31,2017-05-05,2017-06-30,4508955000.0,1033496721.0,4.362815003067629,consolidado,False,CVM dados abertos ITR v1,07.859.971/0001-30,4508955000.0,0.0,13.08844500920289,3.0,1.0,False,False,fre_capital_social,2017-05-05
TAEE11,20257,2017-06-30,2017-08-09,2017-09-30,4228113000.0,1033496721.0,4.091075389101307,consolidado,False,CVM dados abertos ITR v1,07.859.971/0001-30,4228113000.0,0.0,12.27322616730392,3.0,1.0,False,False,fre_capital_social,2017-08-09
TAEE11,20257,2017-09-30,2017-11-08,2017-12-30,4255551000.0,1033496721.0,4.117624094522889,consolidado,False,CVM dados abertos ITR v1,07.859.971/0001-30,4255551000.0,0.0,12.352872283568669,3.0,1.0,False,False,fre_capital_social,2017-11-08
TAEE11,20257,2017-12-31,2018-05-17,2018-05-17,4347552000.0,1033496721.0,4.206643244879729,consolidado,False,CVM dados abertos DFP v2,07.859.971/0001-30,4347552000.0,0.0,12.619929734639188,3.0,1.0,False,False,fre_capital_social,2018-02-26
TAEE11,20257,2018-03-31,2018-05-09,2018-06-30,4564829000.0,1033496721.0,4.416878067676037,consolidado,False,CVM dados abertos ITR v1,07.859.971/0001-30,4564829000.0,0.0,13.25063420302811,3.0,1.0,False,False,fre_capital_social,2018-05-09
TAEE11,20257,2018-06-30,2018-08-06,2018-09-30,4410910000.0,1033496721.0,4.267947745138516,consolidado,False,CVM dados abertos ITR v1,07.859.971/0001-30,4410910000.0,0.0,12.803843235415547,3.0,1.0,False,False,fre_capital_social,2018-08-06
TAEE11,20257,2018-09-30,2018-11-06,2018-12-30,4514280000.0,1033496721.0,4.367967414189793,consolidado,False,CVM dados abertos ITR v1,07.859.971/0001-30,4514280000.0,0.0,13.10390224256938,3.0,1.0,False,False,fre_capital_social,2018-11-06
TAEE11,20257,2018-12-31,2019-04-11,2019-04-11,4572052000.0,1033496721.0,4.42386696261226,consolidado,False,CVM dados abertos DFP v2,07.859.971/0001-30,4572052000.0,0.0,13.27160088783678,3.0,1.0,False,False,fre_capital_social,2019-03-29
TAEE11,20257,2019-03-31,2019-05-14,2019-06-30,4731634000.0,1033496721.0,4.578276741334721,consolidado,False,CVM dados abertos ITR v1,07.859.971/0001-30,4731634000.0,0.0,13.734830224004163,3.0,1.0,False,False,fre_capital_social,2019-05-14
TAEE11,20257,2019-06-30,2019-08-06,2019-09-30,4906045000.0,1033496721.0,4.725724717611368,consolidado,False,CVM dados abertos ITR v2,07.859.971/0001-30,4884021000.0,22024000.0,14.177174152834104,3.0,1.0,False,False,fre_capital_social,2019-08-06
TAEE11,20257,2019-09-30,2019-11-13,2019-12-30,4997130000.0,1033496721.0,4.835167735379781,consolidado,False,CVM dados abertos ITR v1,07.859.971/0001-30,4997130000.0,0.0,14.505503206139345,3.0,1.0,False,False,fre_capital_social,2019-11-13
TAEE11,20257,2019-12-31,2020-03-12,2020-03-31,4926795000.0,1033496721.0,4.767112367064781,consolidado,False,CVM dados abertos DFP v1,07.859.971/0001-30,4926795000.0,0.0,14.301337101194344,3.0,1.0,False,False,fre_capital_social,2020-03-12
TAEE11,20257,2020-03-31,2020-05-14,2020-06-30,5304289000.0,1033497000.0,5.132370002041612,consolidado,False,CVM dados abertos ITR v1,07.859.971/0001-30,5304289000.0,0.0,15.397110006124835,3.0,1.0,False,False,composicao_capital_x1000,2020-05-14
TAEE11,20257,2020-06-30,2020-08-12,2020-09-30,5412412000.0,1033497000.0,5.236988593097029,consolidado,False,CVM dados abertos ITR v1,07.859.971/0001-30,5412412000.0,0.0,15.710965779291088,3.0,1.0,False,False,composicao_capital_x1000,2020-08-12
TAEE11,20257,2020-09-30,2020-11-11,2020-12-30,5768370000.0,1033497000.0,5.581409525136503,consolidado,False,CVM dados abertos ITR v1,07.859.971/0001-30,5768370000.0,0.0,16.744228575409508,3.0,1.0,False,False,composicao_capital_x1000,2020-11-11
TAEE11,20257,2020-12-31,2021-03-03,2021-03-31,6025904000.0,1033497000.0,5.830596508746518,consolidado,False,CVM dados abertos DFP v1,07.859.971/0001-30,6025904000.0,0.0,17.491789526239554,3.0,1.0,False,False,composicao_capital_x1000,2021-03-03
TAEE11,20257,2021-03-31,2021-05-05,2021-06-30,6598211000.0,1033497000.0,6.384354284531063,consolidado,False,CVM dados abertos ITR v1,07.859.971/0001-30,6598211000.0,0.0,19.153062853593187,3.0,1.0,False,False,composicao_capital_x1000,2021-05-05
TAEE11,20257,2021-06-30,2021-08-11,2021-09-30,6378766000.0,1033497000.0,6.172021786226762,consolidado,False,CVM dados abertos ITR v1,07.859.971/0001-30,6378766000.0,0.0,18.516065358680287,3.0,1.0,False,False,composicao_capital_x1000,2021-08-11
TAEE11,20257,2021-09-30,2021-11-10,2021-12-30,6925829000.0,1033497000.0,6.701353753324876,consolidado,False,CVM dados abertos ITR v1,07.859.971/0001-30,6925829000.0,0.0,20.10406125997463,3.0,1.0,False,False,composicao_capital_x1000,2021-11-10
TAEE11,20257,2021-12-31,2022-02-18,2022-03-31,6684756000.0,1033497000.0,6.468094247007974,consolidado,False,CVM dados abertos DFP v2,07.859.971/0001-30,6684756000.0,0.0,19.404282741023923,3.0,1.0,False,False,composicao_capital_x1000,2022-02-17
TAEE11,20257,2022-03-31,2022-05-12,2022-06-30,7244803000.0,1033497000.0,7.009989385552159,consolidado,False,CVM dados abertos ITR v1,07.859.971/0001-30,7244803000.0,0.0,21.02996815665648,3.0,1.0,False,False,composicao_capital_x1000,2022-05-12
TAEE11,20257,2022-06-30,2022-08-10,2022-09-30,7154162000.0,1033497000.0,6.9222861798340976,consolidado,False,CVM dados abertos ITR v1,07.859.971/0001-30,7154162000.0,0.0,20.76685853950229,3.0,1.0,False,False,composicao_capital_x1000,2022-08-10
TAEE11,20257,2022-09-30,2022-11-09,2022-12-30,6950930000.0,1033497000.0,6.725641196829792,consolidado,False,CVM dados abertos ITR v1,07.859.971/0001-30,6950930000.0,0.0,20.176923590489377,3.0,1.0,False,False,composicao_capital_x1000,2022-11-09
TAEE11,20257,2022-12-31,2023-03-15,2023-03-31,6570476000.0,1033497000.0,6.357518212437966,consolidado,False,CVM dados abertos DFP v1,07.859.971/0001-30,6570476000.0,0.0,19.072554637313896,3.0,1.0,False,False,composicao_capital_x1000,2023-03-15
TAEE11,20257,2023-03-31,2023-05-03,2023-06-30,6491155000.0,1033497000.0,6.280768110599257,consolidado,False,CVM dados abertos ITR v1,07.859.971/0001-30,6491155000.0,0.0,18.84230433179777,3.0,1.0,False,False,composicao_capital_x1000,2023-05-03
TAEE11,20257,2023-06-30,2023-08-02,2023-09-30,6689301000.0,1033497000.0,6.472491937567308,consolidado,False,CVM dados abertos ITR v1,07.859.971/0001-30,6689301000.0,0.0,19.417475812701923,3.0,1.0,False,False,composicao_capital_x1000,2023-08-02
TAEE11,20257,2023-09-30,2023-11-08,2023-12-30,6652326000.0,1033497000.0,6.436715346053254,consolidado,False,CVM dados abertos ITR v1,07.859.971/0001-30,6652326000.0,0.0,19.31014603815976,3.0,1.0,False,False,composicao_capital_x1000,2023-11-08
TAEE11,20257,2023-12-31,2024-03-06,2024-03-31,6679310000.0,1033497000.0,6.462824759046229,consolidado,False,CVM dados abertos DFP v1,07.859.971/0001-30,6679310000.0,0.0,19.388474277138684,3.0,1.0,False,False,composicao_capital_x1000,2024-03-06
TAEE11,20257,2024-03-31,2024-05-08,2024-06-30,7056881000.0,1033497000.0,6.828158185268076,consolidado,False,CVM dados abertos ITR v1,07.859.971/0001-30,7056881000.0,0.0,20.484474555804223,3.0,1.0,False,False,composicao_capital_x1000,2024-05-08
TAEE11,20257,2024-06-30,2024-08-13,2024-09-30,6768231000.0,1033497000.0,6.548863712231385,consolidado,False,CVM dados abertos ITR v2,07.859.971/0001-30,6768231000.0,0.0,19.646591136694155,3.0,1.0,False,False,composicao_capital_x1000,2024-08-12
TAEE11,20257,2024-09-30,2024-11-06,2024-12-30,6960480000.0,1033497000.0,6.734881668742144,consolidado,False,CVM dados abertos ITR v1,07.859.971/0001-30,6960480000.0,0.0,20.204645006226432,3.0,1.0,False,False,composicao_capital_x1000,2024-11-06
TAEE11,20257,2024-12-31,2025-03-18,2025-03-31,6939504000.0,1033497000.0,6.714585528550155,consolidado,False,CVM dados abertos DFP v1,07.859.971/0001-30,6939504000.0,0.0,20.143756585650465,3.0,1.0,False,False,composicao_capital_x1000,2025-03-18
TAEE11,20257,2025-03-31,2025-05-07,2025-06-30,7297942000.0,1033497000.0,7.061406080520795,consolidado,False,CVM dados abertos ITR v1,07.859.971/0001-30,7297942000.0,0.0,21.184218241562384,3.0,1.0,False,False,composicao_capital_x1000,2025-05-07
TAEE11,20257,2025-06-30,2025-08-13,2025-09-30,7612368000.0,1033497000.0,7.365641119422698,consolidado,False,CVM dados abertos ITR v1,07.859.971/0001-30,7612368000.0,0.0,22.096923358268093,3.0,1.0,False,False,composicao_capital_x1000,2025-08-13
TAEE11,20257,2025-09-30,2025-11-11,2025-12-30,7645339000.0,1033497000.0,7.397543485854337,consolidado,False,CVM dados abertos ITR v1,07.859.971/0001-30,7645339000.0,0.0,22.192630457563013,3.0,1.0,False,False,composicao_capital_x1000,2025-11-11
TAEE11,20257,2025-12-31,2026-03-17,2026-03-31,7608982000.0,1033497000.0,7.362364864145711,consolidado,False,CVM dados abertos DFP v1,07.859.971/0001-30,7608982000.0,0.0,22.087094592437133,3.0,1.0,False,False,composicao_capital_x1000,2026-03-17
TAEE11,20257,2026-03-31,2026-05-06,2026-06-30,7959211000.0,1033497000.0,7.701242480626456,consolidado,False,CVM dados abertos ITR v1,07.859.971/0001-30,7959211000.0,0.0,23.103727441879368,3.0,1.0,False,False,composicao_capital_x1000,2026-05-06
TAEE11,20257,2026-06-30,2026-08-11,2026-09-30,8070915000.0,1033497000.0,7.809326006751834,consolidado,False,CVM dados abertos ITR v1,07.859.971/0001-30,8070915000.0,0.0,23.4279780202555,3.0,1.0,False,False,composicao_capital_x1000,2026-08-11
