ticker,cnpj,cod_cvm,denom_social,situacao_cvm,valor_mobiliario,composicao_unit,fator_unit,fca_ano_min,fca_ano_max,metodo,obs,status
ABEV3,07.526.557/0001-00,023264,AMBEV S.A.,ATIVO,Ações Ordinárias,,1.0,2018.0,2026.0,fca,,ok
PETR4,33.000.167/0001-01,009512,PETRÓLEO BRASILEIRO S.A. - PETROBRAS,ATIVO,Ações Preferenciais,,1.0,2018.0,2026.0,fca,,ok
VALE3,33.592.510/0001-54,004170,VALE S.A.,ATIVO,Ações Ordinárias,,1.0,2018.0,2026.0,fca,,ok
BBAS3,00.000.000/0001-91,001023,BANCO DO BRASIL S.A.,ATIVO,Ações Ordinárias,,1.0,2019.0,2026.0,fca,,ok
BBDC4,60.746.948/0001-12,000906,BANCO BRADESCO S.A.,ATIVO,Ações Preferenciais,,1.0,2018.0,2026.0,fca,,ok
SIMH3,07.415.333/0001-20,025003,SIMPAR S.A.,ATIVO,Ações Ordinárias,,1.0,2020.0,2026.0,fca,,ok
MGLU3,47.960.950/0001-21,022470,MAGAZINE LUIZA SA,ATIVO,Ações Preferenciais,,1.0,2018.0,2026.0,fca,,ok
CSNA3,33.042.730/0001-04,004030,CIA SIDERURGICA NACIONAL,ATIVO,,,1.0,,,manual,FCA traz o código CVM (4030) no campo de ticker,ok
ITSA4,61.532.644/0001-15,007617,ITAUSA S.A.,ATIVO,Ações Preferenciais,,1.0,2018.0,2026.0,fca,,ok
ITUB4,60.872.504/0001-23,019348,ITAÚ UNIBANCO HOLDING S.A.,ATIVO,Ações Preferenciais,,1.0,2018.0,2026.0,fca,,ok
POMO4,88.611.835/0001-29,008451,MARCOPOLO SA,ATIVO,Ações Preferenciais,,1.0,2018.0,2026.0,fca,,ok
COGN3,02.800.026/0001-40,017973,COGNA EDUCAÇÃO S.A.,ATIVO,Ações Ordinárias,,1.0,2019.0,2026.0,fca,,ok
SUZB3,16.404.287/0001-55,013986,SUZANO S.A.,ATIVO,Ações Ordinárias,,1.0,2018.0,2026.0,fca,,ok
SAPR11,76.484.013/0001-45,018627,CIA. DE SANEAMENTO DO PARANÁ - SANEPAR,ATIVO,Units,1 ON e 4 PN,5.0,2018.0,2026.0,fca,,ok
VAMO3,23.373.000/0001-32,024716,"VAMOS LOCAÇÃO DE CAMINHÕES, MÁQUINAS E EQUIPAMENTOS S.A.",ATIVO,Ações Ordinárias,,1.0,2020.0,2026.0,fca,,ok
MRVE3,08.343.492/0001-20,020915,MRV ENGENHARIA E PARTICIPAÇÕES S/A,ATIVO,Ações Ordinárias,,1.0,2019.0,2026.0,fca,,ok
IRBR3,33.376.989/0001-91,024180,IRB - BRASIL RESSEGUROS S.A.,ATIVO,Ações Ordinárias,,1.0,2019.0,2026.0,fca,,ok
BBSE3,17.344.597/0001-94,023159,BB SEGURIDADE PARTICIPAÇÕES S.A.,ATIVO,Ações Ordinárias,,1.0,2018.0,2026.0,fca,,ok
EZTC3,08.312.229/0001-73,020770,EZ TEC EMPREEND. E PARTICIPAÇÕES S/A,ATIVO,Ações Ordinárias,,1.0,2018.0,2026.0,fca,,ok
LREN3,92.754.738/0001-62,008133,LOJAS RENNER SA,ATIVO,Ações Ordinárias,,1.0,2018.0,2026.0,fca,,ok
BRAV3,12.091.809/0001-55,025291,BRAVA ENERGIA S.A.,ATIVO,Ações Ordinárias,,1.0,2024.0,2026.0,fca,,ok
CEAB3,45.242.914/0001-05,024848,C&A MODAS S.A.,ATIVO,Ações Ordinárias,,1.0,2019.0,2026.0,fca,,ok
CSAN3,50.746.577/0001-15,019836,COSAN S.A.,ATIVO,Ações Ordinárias,,1.0,2018.0,2026.0,fca,,ok
RAIZ4,33.453.598/0001-23,025917,RAÍZEN S.A.,ATIVO,Ações Preferenciais,,1.0,2021.0,2026.0,fca,,ok
AZZA3,16.590.234/0001-76,022349,AZZAS 2154 S.A.,ATIVO,Ações Ordinárias,,1.0,2024.0,2026.0,fca,,ok
JHSF3,08.294.224/0001-65,020605,JHSF PARTICIPAÇÕES SA,ATIVO,Ações Ordinárias,,1.0,2018.0,2026.0,fca,,ok
NATU3,71.673.990/0001-77,019550,NATURA COSMETICOS SA,ATIVO,Ações Ordinárias,,1.0,2018.0,2026.0,manual,Natura Cosméticos → Natura &Co Holding (NTCO3) → Natura Cosméticos; trocas de ações ~1:1 (o 2:1 de 2019 está nos splits do yfinance),ok
NATU3,32.785.497/0001-97,024783,NATURA & CO HOLDING S.A.,CANCELADA,Ações Ordinárias,,1.0,,,manual,Natura Cosméticos → Natura &Co Holding (NTCO3) → Natura Cosméticos; trocas de ações ~1:1 (o 2:1 de 2019 está nos splits do yfinance),ok
AUAU3,53.153.938/0001-08,027766,UNIÃO PET PARTICIPAÇÕES S.A.,ATIVO,Ações Ordinárias,,1.0,2026.0,2026.0,fca,,ok
BEEF3,67.620.377/0001-14,020931,MINERVA S/A,ATIVO,Ações Ordinárias,,1.0,2018.0,2026.0,fca,,ok
MOVI3,21.314.559/0001-66,023825,MOVIDA PARTICIPAÇÕES S.A.,ATIVO,Ações Ordinárias,,1.0,2019.0,2026.0,fca,,ok
CMIG4,17.155.730/0001-64,002453,CIA ENERG MINAS GERAIS - CEMIG,ATIVO,Ações Preferenciais,,1.0,2018.0,2026.0,fca,,ok
USIM5,60.894.730/0001-05,014320,USINAS SID DE MINAS GERAIS S.A.-USIMINAS,ATIVO,Ações Preferenciais,,1.0,2018.0,2026.0,fca,,ok
PCAR3,47.508.411/0001-56,014826,COMPANHIA BRASILEIRA DE DISTRIBUIÇÃO,ATIVO,Ações Ordinárias,,1.0,2018.0,2026.0,fca,,ok
VBBR3,34.274.233/0001-02,024295,VIBRA ENERGIA S/A,ATIVO,Ações Ordinárias,,1.0,2021.0,2026.0,fca,,ok
CMIN3,08.902.291/0001-15,025585,CSN MINERAÇÃO S.A.,ATIVO,,,1.0,,,manual,FCA traz o código CVM (25585) no campo de ticker,ok
DIRR3,16.614.075/0001-00,021350,DIRECIONAL ENGENHARIA SA,ATIVO,Ações Ordinárias,,1.0,2018.0,2026.0,fca,,ok
RENT3,16.670.085/0001-55,019739,LOCALIZA RENT A CAR SA,ATIVO,Ações Ordinárias,,1.0,2018.0,2026.0,fca,,ok
B3SA3,09.346.601/0001-25,021610,"B3 S.A. - BRASIL, BOLSA, BALCÃO",ATIVO,Ações Ordinárias,,1.0,2019.0,2026.0,fca,,ok
ENEV3,04.423.567/0001-21,021237,ENEVA S.A.,ATIVO,Ações Ordinárias,,1.0,2019.0,2026.0,fca,,ok
RADL3,61.585.865/0001-51,005258,RAIA DROGASIL S.A.,ATIVO,Ações Ordinárias,,1.0,2019.0,2026.0,fca,,ok
GGBR4,33.611.500/0001-19,003980,GERDAU S.A.,ATIVO,Ações Preferenciais,,1.0,2018.0,2026.0,fca,,ok
AXIA3,00.001.180/0001-26,002437,AXIA ENERGIA S.A.,ATIVO,Ações Ordinárias,,1.0,2026.0,2026.0,fca,,ok
GOAU4,92.690.783/0001-09,008656,METALURGICA GERDAU SA,ATIVO,Ações Preferenciais,,1.0,2018.0,2026.0,fca,,ok
WEGE3,84.429.695/0001-11,005410,WEG SA,ATIVO,Ações Ordinárias,,1.0,2018.0,2026.0,fca,,ok
AURE3,28.594.234/0001-23,026620,AUREN ENERGIA S.A,ATIVO,Ações Ordinárias,,1.0,2021.0,2026.0,fca,,ok
CXSE3,22.543.331/0001-00,023795,CAIXA SEGURIDADE PARTICIPAÇÕES S.A.,ATIVO,Ações Ordinárias,,1.0,2021.0,2026.0,fca,,ok
PRIO3,10.629.105/0001-68,022187,PRIO S.A.,ATIVO,Ações Ordinárias,,1.0,2019.0,2026.0,fca,,ok
QUAL3,11.992.680/0001-93,022497,QUALICORP CONSULTORIA E CORRETORA DE SEGUROS S.A.,ATIVO,Ações Ordinárias,,1.0,2018.0,2026.0,fca,,ok
MBRF3,03.853.896/0001-40,020788,MARFRIG GLOBAL FOODS SA,ATIVO,,,1.0,,,manual,"ex-MRFG3 (Marfrig, que já consolidava a BRF); FCA traz 'ADR' no ticker. O PL da BRF antes da incorporação só entra via consolidação na Marfrig",ok
ECOR3,04.149.454/0001-80,019453,ECORODOVIAS INFRAESTRUTURA E LOGÍSTICA S.A.,ATIVO,Ações Ordinárias,,1.0,2018.0,2026.0,fca,,ok
EGIE3,02.474.103/0001-19,017329,ENGIE BRASIL ENERGIA S.A.,ATIVO,Ações Ordinárias,,1.0,2018.0,2026.0,fca,,ok
RIAA3,08.402.943/0001-52,004669,GUARARAPES CONFECÇÕES SA,ATIVO,Ações Ordinárias,,1.0,2026.0,2026.0,fca,,ok
TIMS3,02.421.421/0001-11,024929,TIM S.A.,ATIVO,Ações Ordinárias,,1.0,2020.0,2026.0,fca,,ok
EMBJ3,07.689.002/0001-89,020087,EMBRAER S.A.,ATIVO,Ações Ordinárias,,1.0,2025.0,2026.0,fca,,ok
PSSA3,02.149.205/0001-69,016659,PORTO SEGURO SA,ATIVO,Ações Ordinárias,,1.0,2018.0,2026.0,fca,,ok
VULC3,50.926.955/0001-42,011762,VULCABRAS S.A.,ATIVO,Ações Ordinárias,,1.0,2018.0,2026.0,fca,,ok
POSI3,81.243.735/0001-48,020362,POSITIVO TECNOLOGIA S.A.,ATIVO,Ações Ordinárias,,1.0,2018.0,2026.0,fca,,ok
SMFT3,07.594.978/0001-78,024260,SMARTFIT ESCOLA DE GINÁSTICA E DANÇA S.A.,ATIVO,Ações Ordinárias,,1.0,2020.0,2026.0,fca,,ok
CURY3,08.797.760/0001-83,025100,CURY CONSTRUTORA E INCORPORADORA S.A.,ATIVO,Ações Ordinárias,,1.0,2020.0,2026.0,fca,,ok
INBR32,42.737.954/0001-21,,,,BDRs,Class A Shares,1.0,2023.0,2026.0,fca,,ok
ISAE4,02.998.611/0001-04,018376,ISA ENERGIA BRASIL S.A.,ATIVO,Ações Preferenciais,,1.0,2024.0,2026.0,fca,,ok
CPLE3,76.483.817/0001-20,014311,COMPANHIA PARANAENSE DE ENERGIA COPEL,ATIVO,Ações Ordinárias,,1.0,2018.0,2026.0,fca,,ok
VIVA3,33.839.910/0001-11,024805,VIVARA PARTICIPAÇÕES S.A.,ATIVO,Ações Ordinárias,,1.0,2019.0,2026.0,fca,,ok
BPAC11,30.306.294/0001-45,022616,BANCO BTG PACTUAL S/A,ATIVO,,,3.0,,,manual,FCA traz 000000 no ticker; unit = 1 ON + 2 PNA,ok
ASAI3,06.057.223/0001-71,025372,SENDAS DISTRIBUIDORA S.A.,ATIVO,Ações Ordinárias,,1.0,2021.0,2026.0,fca,,ok
HYPE3,02.932.074/0001-91,021431,HYPERA S/A,ATIVO,Ações Ordinárias,,1.0,2018.0,2026.0,fca,,ok
MYPK3,61.156.113/0001-75,011932,IOCHPE MAXION SA,ATIVO,Ações Ordinárias,,1.0,2018.0,2026.0,fca,,ok
CVCB3,10.760.260/0001-19,023310,CVC BRASIL OPERADORA E AGÊNCIA DE VIAGENS SA,ATIVO,Ações Ordinárias,,1.0,2019.0,2026.0,fca,,ok
YDUQ3,08.807.432/0001-10,021016,YDUQS PARTICIPACOES S.A.,ATIVO,Ações Ordinárias,,1.0,2019.0,2026.0,fca,,ok
RDOR3,06.047.087/0001-39,024821,REDE D'OR SÃO LUIZ S.A.,ATIVO,Ações Ordinárias,,1.0,2020.0,2026.0,fca,,ok
JALL3,02.635.522/0001-95,025496,JALLES MACHADO S.A.,ATIVO,Ações Ordinárias,,1.0,2021.0,2026.0,fca,,ok
SBSP3,43.776.517/0001-80,014443,CIA SANEAMENTO BÁSICO ESTADO SÃO PAULO,ATIVO,Ações Ordinárias,,1.0,2018.0,2026.0,fca,,ok
MOTV3,02.846.056/0001-97,018821,MOTIVA INFRAESTRUTURA DE MOBILIDADE S.A.,ATIVO,Ações Ordinárias,,1.0,2025.0,2026.0,fca,,ok
BRSR6,92.702.067/0001-96,001210,BANCO DO ESTADO DO RIO GRANDE DO SUL SA,ATIVO,Ações Preferenciais,,1.0,2018.0,2026.0,fca,,ok
CYRE3,73.178.600/0001-18,014460,CYRELA BRAZIL REALTY S.A.EMPREEND E PART,ATIVO,Ações Ordinárias,,1.0,2019.0,2026.0,fca,,ok
BHIA3,33.041.260/0652-90,006505,GRUPO CASAS BAHIA S.A.,ATIVO,Ações Ordinárias,,1.0,2023.0,2026.0,fca,,ok
GMAT3,24.990.777/0001-09,025186,GRUPO MATEUS S.A.,ATIVO,Ações Ordinárias,,1.0,2020.0,2026.0,fca,,ok
TAEE11,07.859.971/0001-30,020257,TRANSMISSORA ALIANÇA DE ENERGIA ELÉTRICA S.A.,ATIVO,Units,1 ON / 2 PN,3.0,2018.0,2026.0,fca,,ok
EQTL3,03.220.438/0001-73,020010,EQUATORIAL S.A.,ATIVO,Ações Ordinárias,,1.0,2018.0,2026.0,fca,,ok
KLBN11,89.637.490/0001-45,012653,KLABIN S.A.,ATIVO,Units,1 KLBN3 + 4 KLBN4,5.0,2018.0,2026.0,fca,,ok
GFSA3,01.545.826/0001-07,016101,GAFISA SA,ATIVO,Ações Ordinárias,,1.0,2023.0,2026.0,fca,,ok
GRND3,89.850.341/0001-60,019615,GRENDENE SA,ATIVO,Ações Ordinárias,,1.0,2018.0,2026.0,fca,,ok
TTEN3,94.813.102/0001-70,025950,TRÊS TENTOS AGROINDUSTRIAL S.A.,ATIVO,Ações Ordinárias,,1.0,2022.0,2026.0,fca,,ok
PLPL3,24.230.275/0001-80,025070,PLANO & PLANO DESENVOLVIMENTO IMOBILIÁRIO S.A.,ATIVO,Ações Ordinárias,,1.0,2020.0,2026.0,fca,,ok
AMAR3,61.189.288/0001-89,022055,MARISA LOJAS SA,ATIVO,,,1.0,,,manual,FCA traz o código CVM (022055) no campo de ticker,ok
ROMI3,56.720.428/0001-63,007510,ROMI S.A.,ATIVO,Ações Ordinárias,,1.0,2018.0,2026.0,fca,,ok
BBDC3,60.746.948/0001-12,000906,BANCO BRADESCO S.A.,ATIVO,Ações Ordinárias,,1.0,2018.0,2026.0,fca,,ok
SANB11,90.400.888/0001-42,020532,BANCO SANTANDER (BRASIL) S.A.,ATIVO,Units,1 ON + 1 PN,2.0,2019.0,2026.0,fca,,ok
