ticker,elegivel_desde,anos,retorno_total,cagr,vol_anual,sharpe,sortino,max_drawdown,pct_tempo_exposto,bh_retorno_total,bh_cagr,bh_vol_anual,bh_sharpe,bh_sortino,bh_max_drawdown,dif_cagr,n_trades,turnover_anual,n_round_trips,retorno_medio_trade,taxa_acerto,maior_seq_caixa_anos,maior_seq_comprado_anos,nunca_vendeu,dif_cagr_ic_lo,dif_cagr_ic_hi
INBR32,2024-05-17,2.37,1.0136614108711268,0.3429612904676822,0.2855633441372871,0.7426602501266001,0.5920742535647255,-0.19950737788065143,0.4907563025210084,-0.15623355046300857,-0.06906600412002051,0.41955516881369204,-0.25952193846896343,-0.2569377971365061,-0.5032895187528368,0.4120272945877027,3,1.3756448029910051,1,1.016507116140716,1.0,0.6031746031746031,0.75,False,0.0045064134316008565,0.7523187781204305
CEAB3,2022-01-03,4.74,2.71586962478845,0.31891337861294744,0.6040479959755052,0.5575609804791853,0.596912208438133,-0.7051671647216577,0.8887952822240943,0.9612395217483065,0.15262980886766941,0.6298385078896678,0.3446746834760902,0.3835577353897387,-0.7051671647216577,0.16628356974527803,3,0.9216984798282676,1,2.724051818769773,1.0,0.5198412698412699,3.4484126984126986,False,-0.0049682348394455775,0.4923943631301553
CURY3,2022-04-01,4.5,6.718502499614549,0.5746519595951118,0.3195274107579257,1.2086279697228444,1.0653991319634706,-0.2159091583991637,0.6604444444444444,4.244212924570077,0.44508195874970014,0.38239035624879086,0.8407773981523231,0.8794811264175875,-0.32024767895958883,0.1295700008454117,5,1.276497042044326,2,1.8583358941683117,1.0,1.2261904761904763,2.4365079365079363,False,-0.11605199471350833,0.43142940295553206
BEEF3,2014-01-02,12.74,0.9154491642012315,0.05232063744672533,0.19116053881470468,-0.13624120985572571,-0.06246296258646658,-0.5765848227450017,0.19210110584518167,-0.5459188318636067,-0.06006609342300573,0.4099573439315065,-0.18198831884380925,-0.18741100459068155,-0.7934137417890013,0.11238673086973106,7,0.771627194718233,3,0.07074754510321535,1.0,6.876984126984127,0.9920634920634921,False,-0.07764304668028146,0.27371707630117537
NATU3,2013-01-03,13.74,-0.34299520703094566,-0.03010698611541207,0.4388151915846583,-0.054682920886102666,-0.050119857586076094,-0.6919391573961342,0.8563892145369285,-0.8758598576969607,-0.14086609628728186,0.4729409737294111,-0.2776877546501649,-0.2741987559141345,-0.9050447743811171,0.11075911017186979,3,0.25176016165654447,1,0.12335100201021576,1.0,1.7103174603174602,7.380952380952381,False,0.008539828822924008,0.24813699443170462
DIRR3,2013-01-03,13.74,13.996359413885502,0.2178128702820996,0.31520736526890003,0.49175175293934065,0.3914823088171858,-0.7396810573067404,0.5685814771395076,4.15760450901358,0.12680122204850353,0.4160176372173247,0.27246821131230664,0.2773191399149193,-0.7814898872353421,0.09101164823359609,6,0.37627653557796004,3,1.0641013663932426,1.0,3.2936507936507935,6.440476190476191,False,-0.0765924344558599,0.28307483375364106
BBAS3,2013-01-03,13.74,11.453253535326201,0.20145503602205483,0.3729560925477483,0.43257479042148267,0.42252574610786237,-0.5741655189317718,0.8983001172332943,3.3988264999002906,0.11382727314782826,0.3915363230107375,0.23407971546250028,0.2380097999765464,-0.6153730050752286,0.08762776287422658,7,0.27195041206337905,3,0.7262936867813088,1.0,1.1388888888888888,6.484126984126984,False,0.007174278379222395,0.19193801077062275
KLBN11,2015-10-01,11.0,2.4537539314566454,0.11926400258888581,0.21230075736026974,0.20302687535745928,0.1844076703152126,-0.3186752206951303,0.7056023434639326,0.41107442347257184,0.03179780911716179,0.28331085376599185,-0.07671183581413511,-0.07876827264853312,-0.42384335201596846,0.08746619347172402,5,0.37638803737083293,2,0.45932264089188235,1.0,2.107142857142857,4.218253968253968,False,-0.009902977724222141,0.20375160000306183
RAIZ4,2023-07-03,3.25,-0.86526796419186,-0.460607478567576,0.45490290000240885,-1.408726155476353,-1.3838299711023447,-0.8927845460938247,0.8425584255842559,-0.9237578991289154,-0.5473611462575426,0.5287523964324246,-1.4757638391266208,-1.5829329915423047,-0.9475835547635545,0.08675366768996662,2,0.6898478524539929,1,-0.8739143367885587,0.0,0.503968253968254,2.7182539682539684,False,-0.06222077132130563,0.28796990042345366
PCAR3,2019-07-12,7.22,-0.43988911684344045,-0.07711681461632036,0.6699684986669598,0.06045417517248145,0.059167848150422996,-0.9050632941953991,0.5783333333333334,-0.7015630698525983,-0.15415735930140329,0.7461292772050963,0.00890578901650322,0.011082979015300556,-0.9645053835429471,0.07704054468508292,6,0.8521363105806536,3,0.1318364867563735,0.6666666666666666,1.242063492063492,2.8412698412698414,False,-0.1602001642112522,0.30388863649234665
ECOR3,2013-01-03,13.74,1.2944096708985775,0.06230022708793137,0.35543710598859596,0.08388878730393814,0.07260775365984394,-0.7620220496041065,0.7160023446658851,-0.14504384255587743,-0.011339192868026315,0.4366808447066433,-0.024777453990823598,-0.025338297991384772,-0.7944651132730723,0.07363941995595769,5,0.36507348424686953,2,0.526785304341303,0.5,1.9523809523809523,4.9523809523809526,False,-0.027901521085981543,0.18565892338271783
IRBR3,2019-04-02,7.5,-0.8161700892335766,-0.2021730012762224,0.5790870392746259,-0.26608821982080694,-0.26859853312679705,-0.9508069105328307,0.8769395398608881,-0.9097535182945489,-0.27438714375539,0.6123715251685309,-0.37199565802557766,-0.38689882483782484,-0.9820647919484164,0.07221414247916758,1,0.42660162626104886,0,,,0.9126984126984127,6.503968253968254,True,-0.04678558865898327,0.22380663139953047
POSI3,2013-01-03,13.74,1.7594474609018689,0.076663900920378,0.46814468637044154,0.18683712938164068,0.19598423652122404,-0.744580940020115,0.8244431418522861,0.06453907517650981,0.004561764713732153,0.5638340501893202,0.11966604648527145,0.1335984914259141,-0.8038360845038098,0.07210213620664585,5,0.3926952217558586,2,1.1716911529793501,1.0,2.0476190476190474,6.746031746031746,False,-0.14657596623336544,0.28822150384876527
MRVE3,2013-01-03,13.74,1.1851496351197057,0.05853499551070085,0.43081829072059785,0.12890519137295423,0.12587376343995352,-0.7029703177306867,0.8686987104337632,-0.16895455874671506,-0.013377951862417081,0.46501962684008225,-0.00035898282379203,-0.0003711262883960986,-0.792544181209709,0.07191294737311793,5,0.5049355871193675,2,1.2609462106023888,1.0,1.0396825396825398,6.337301587301587,False,-0.00699856539035213,0.2002525665004934
ITSA4,2013-01-03,13.74,15.449694314053104,0.2260382353964281,0.26299797492355637,0.5577911738261487,0.5550343484732716,-0.3451025788698062,0.8924384525205158,6.296134730061987,0.15560723810411958,0.28174018044131266,0.32565595493275634,0.33656107709769184,-0.4561875727488621,0.0704309972923085,9,0.42777099871490365,4,0.5524879518971614,1.0,0.6746031746031746,6.48015873015873,False,0.009767423337845785,0.1456211296215065
CMIN3,2022-10-03,3.99,1.7288042875783862,0.28570847052978565,0.3765365739548234,0.5337024265092064,0.5845436610013475,-0.3944062202026476,0.9529058116232465,1.1924868785239267,0.21716958068387537,0.3921761254582631,0.3867165363233643,0.4262178765612105,-0.3944062202026476,0.06853888984591028,2,0.4616599686182099,1,1.6662550092207669,1.0,0.18253968253968253,3.7738095238095237,False,-0.02870805164734559,0.24600445358481432
AZZA3,2013-04-02,13.5,0.6675340303072426,0.038610951896252965,0.39429287044945227,0.0521245204495867,0.05207395720923935,-0.8390254019448907,0.9033701163137489,-0.3256569374518544,-0.028769614809441735,0.4164033661953558,-0.09218496436237726,-0.09579573094476602,-0.8390254019448908,0.0673805667056947,7,0.561476875257312,3,0.7057605391358314,1.0,0.44047619047619047,5.4523809523809526,False,0.0023737228837737525,0.15330771933713622
QUAL3,2014-01-02,12.74,-0.6787632684918283,-0.08524767099721886,0.4823628765952642,-0.1454098876332922,-0.12861504228558504,-0.9405492579563347,0.7150078988941548,-0.8782132761749324,-0.1522798650687367,0.5278976483020362,-0.2349464998615518,-0.24163609947452339,-0.9661213333718078,0.06703219407151784,9,1.0530566197204174,4,0.32902811114690134,0.75,1.3412698412698412,5.087301587301587,False,-0.040491019276726985,0.17236005605946933
CSAN3,2013-04-02,13.5,0.3855747299772436,0.02445519649120631,0.2735643668880062,-0.12126663163285421,-0.09005836053607337,-0.7468853846009302,0.5478675812705041,-0.4297007152700678,-0.04075325052802681,0.37695071360807475,-0.17541942633551036,-0.17741401825715117,-0.8726932845152222,0.06520844701923312,8,0.5395855726855273,4,0.10052942859641925,0.75,3.6547619047619047,3.4325396825396823,False,-0.055435819292857375,0.17912369185760627
SBSP3,2015-07-01,11.25,18.789287597794115,0.30380292303752454,0.25722983799783194,0.8064435177385921,0.6110169784000183,-0.2592332288537934,0.47227191413237923,10.177040263510948,0.23926261992843934,0.35307497894891055,0.5250809762750034,0.5423069169322058,-0.5403941002960166,0.0645403031090852,8,0.47312044618739174,4,0.8451959165913564,1.0,2.630952380952381,3.007936507936508,False,-0.09704157538289752,0.23912305413671173
PSSA3,2013-01-03,13.74,16.7796125912035,0.2329945901516841,0.23684248281835552,0.6158169615638732,0.5337085009941059,-0.3789989939489694,0.6465416178194607,7.56496771902532,0.169170043778615,0.29430384691269074,0.3641033483675986,0.37625883821199013,-0.44466940721393144,0.06382454637306911,8,0.4258150299792062,4,0.9340208547919735,1.0,2.0198412698412698,5.091269841269841,False,-0.024758920241048567,0.15715406830714573
USIM5,2013-01-03,13.74,0.7219582489076672,0.04034212169447349,0.4805096413045649,0.12397926837084466,0.11468626679369284,-0.9410545905047418,0.7195193434935522,-0.2754915313091938,-0.023179245082231015,0.5486249655159794,0.055697468901307154,0.06052821432338523,-0.9410545905047418,0.0635213667767045,5,0.4622838832281289,2,0.5200103543933164,0.5,2.3531746031746033,4.646825396825397,False,-0.04625213596160029,0.18212721251618574
BHIA3,2013-01-04,13.74,-0.9561101691286645,-0.2035098050482529,0.666641314634799,-0.15834965323917236,-0.1638974157921246,-0.9926972070635297,0.7437701553796541,-0.9856599915493428,-0.26579221378352935,0.7943173896494475,-0.12335735468097937,-0.14730029063533817,-0.9992698824879859,0.06228240873527646,8,0.8253307025948209,4,0.1911388692498932,0.75,1.373015873015873,4.964285714285714,False,-0.14490834501812833,0.26210953274617316
AMAR3,2013-01-03,13.74,-0.9805419955228811,-0.24925618656848136,0.5357916630242803,-0.44990515414994914,-0.42716075675244686,-0.9871092976038165,0.7907385697538101,-0.9939817815516785,-0.31070647701173637,0.5859943459787624,-0.5135000377104507,-0.571067124000429,-0.9966499343693523,0.06145029044325501,2,0.28064207805268454,1,-0.986010240271375,0.0,2.4285714285714284,10.706349206349206,False,-0.01283292522437701,0.1475318120278799
HYPE3,2013-01-03,13.74,3.7909850911587997,0.1207709585060599,0.20885659219926328,0.20396122871136066,0.14064626276912578,-0.5233860101032564,0.43376318874560377,1.2542076357467753,0.0609345408454518,0.31630194006450424,0.04784026251253224,0.0492793113240486,-0.6464700240400156,0.0598364176606081,5,0.41231364343186283,2,0.8000234946174153,1.0,5.5436507936507935,2.9365079365079363,False,-0.05315959756833717,0.15753235856345968
CYRE3,2013-01-03,13.74,4.717566267247082,0.13528494864956886,0.3700513297529386,0.2768448563462238,0.2693615546371896,-0.6176812475338954,0.8514067995310668,1.7759880030744237,0.07713225775463606,0.42143023164406085,0.16673049795984696,0.17004718358365165,-0.6378708391642824,0.0581526908949328,5,0.3355710393478185,2,0.6622555509971082,1.0,1.2182539682539681,6.281746031746032,False,-0.042961243883276885,0.2083504887716758
BBDC3,2013-04-02,13.5,3.669253596714234,0.12094082008720619,0.3158566112583605,0.2232461601028572,0.21754987351848976,-0.5559831328485866,0.9111243662391888,1.4021633068120134,0.06708197444936181,0.3265422767789277,0.07341423702732941,0.07467175045483879,-0.5559831328485867,0.05385884563784438,7,0.37738455520651426,3,0.5602957339047419,1.0,0.5674603174603174,7.01984126984127,False,0.011069886886917544,0.10973849604418988
GRND3,2013-10-01,13.0,2.0388216721429004,0.08926393723430337,0.30745663497399356,0.12381729801094528,0.1252856223764565,-0.4970080759548883,0.953812771233726,0.7223667504312214,0.042712228047889544,0.3147229752520055,-0.012870647583817252,-0.013305063364382032,-0.514481447844888,0.046551709186413825,3,0.24456448697759656,1,2.2531909804699843,1.0,0.373015873015873,6.492063492063492,False,-5.755891622266273e-05,0.10684769710521586
ITUB4,2013-10-01,13.0,9.40488370192583,0.19743828044040224,0.28103909200353916,0.4505179613956824,0.426005076301989,-0.35869213864935234,0.8415995040297582,5.414112058705038,0.15369416342263054,0.3011835812329531,0.3143407928350254,0.32096369157130583,-0.4434468876616441,0.0437441170177717,7,0.35154100956193357,3,0.5931980706117471,1.0,1.376984126984127,6.492063492063492,False,-0.007948621104183502,0.10870030823897883
GFSA3,2013-01-03,13.74,-0.999832783632895,-0.46892613888264045,0.716752420286777,-0.6822156640102061,-0.7567956206945972,-0.9998828625312998,0.8725087924970691,-0.9999355962608066,-0.5045498608073078,0.7451623646707821,-0.7228198730416564,-0.849530214182027,-0.9999512154038666,0.03562372192466734,3,0.32753374384991907,1,-0.5515229840324385,0.0,1.5992063492063493,6.492063492063492,False,-0.022498217642645913,0.11508953959689378
VALE3,2013-07-02,13.25,6.987101407065556,0.16980308373088704,0.3359116639415752,0.3558884055531576,0.3085306293423509,-0.7486532601224277,0.6562310030395136,4.939898090525838,0.1439451544431123,0.4030040702617397,0.30272735497114917,0.31603402133733427,-0.7486532601224277,0.02585792928777475,5,0.33652142729738643,2,0.9498629348725814,1.0,2.6785714285714284,4.753968253968254,False,-0.09717689029300429,0.13328971402158002
BBDC4,2013-04-02,13.5,2.830708441702125,0.10462159057242437,0.33054500566965717,0.18288034264904,0.1776871295523404,-0.4604688345360404,0.9120190873844318,1.8408303761941323,0.0804246955857828,0.3407511939313069,0.12148406643547643,0.12335627136656413,-0.5277151134439344,0.02419689498664157,5,0.3238527130477499,2,0.8423384754259585,1.0,1.0873015873015872,6.5476190476190474,False,-0.010096607770288611,0.07000425709971558
EZTC3,2013-01-03,13.74,1.3260076567672927,0.06335814367784076,0.40238239001682846,0.11922676483459375,0.12049424325147778,-0.7327454069040665,0.9194021101992966,0.7071763452982447,0.03968960519385045,0.42768228720209556,0.08408536806931859,0.08645064159431214,-0.795716816550033,0.02366853848399031,3,0.2837062036148525,1,1.6982736774678835,1.0,0.6031746031746031,6.464285714285714,False,-0.052212521925846175,0.12873843806638977
JHSF3,2013-01-03,13.74,2.004795528347378,0.08335862609389721,0.4743287195514947,0.2062512971368236,0.23037669283687423,-0.855095965981174,0.9736225087924971,1.2936347041503402,0.06227411146295747,0.47676149842431514,0.16575415468317292,0.18747255030385598,-0.8825892530485839,0.021084514630939744,1,0.08770158250082549,0,,,0.35714285714285715,13.182539682539682,True,-3.1763007544088856e-05,0.06376545911622496
LREN3,2013-01-03,13.74,0.9807804912374245,0.0509978037539387,0.36593698639188854,0.06166338621924322,0.058803201268156045,-0.7106698057023636,0.8446658851113716,0.50139468160068,0.03001640737469069,0.39003144222903663,0.02940020561836234,0.030081773490999993,-0.7637971862961086,0.020981396379248007,5,0.4195499748664381,2,1.0285250853965577,1.0,1.1865079365079365,6.472222222222222,False,-0.04004900536741822,0.0915237481624102
PLPL3,2023-08-02,3.16,-0.19361473604663948,-0.06573264288925795,0.4899109225476127,-0.1443276500094939,-0.14340406771245887,-0.6279089759736612,0.9848293299620733,-0.24853786914316656,-0.086325337559778,0.4925299213476263,-0.1866118370823757,-0.18643387184944307,-0.6279089759736614,0.02059269467052005,1,0.245852195636057,0,,,0.047619047619047616,3.0912698412698414,True,-0.00800612652641286,0.06664024601624673
SAPR11,2019-07-02,7.25,1.0493615438769939,0.10403511785470032,0.28178266929634815,0.16438827283262925,0.16461376808317307,-0.43545032547507345,0.9014941892639734,0.7933004010665781,0.08389559864728602,0.3081100863892535,0.11587285538927035,0.11768283985235045,-0.49556390416368556,0.020139519207414303,1,0.10502749593799954,0,,,0.7063492063492064,6.464285714285714,True,-0.06571022715422717,0.1370096406780484
SMFT3,2023-10-03,3.0,-0.0453596561157269,-0.015378809122206238,0.29936397878407484,-0.3101956563027676,-0.26835666791487506,-0.3618650805617071,0.7540106951871658,-0.10136011879380702,-0.03505221360485067,0.34220137276345125,-0.2908861829583373,-0.2925567920066996,-0.3671966236817862,0.01967340448264443,1,0.32503253069842275,0,,,0.7301587301587301,2.238095238095238,True,-0.1648131496944587,0.17183929327497185
CXSE3,2023-01-03,3.74,2.504330508677867,0.39802047447685873,0.13447631657775738,1.6680081124138844,1.1769399536094602,-0.07493060590320366,0.4658119658119658,2.3308184167973054,0.37917976211334925,0.22073927919136752,1.023349914184698,0.9948634049448787,-0.18754628456357514,0.018840712363509482,4,1.051084330020015,2,0.6755980132771834,1.0,1.496031746031746,1.0238095238095237,False,-0.17799924295859082,0.18310920142539894
GOAU4,2013-01-03,13.74,0.5889372519515772,0.034273110817249375,0.4350370813650242,0.07909099786255855,0.07738286322142658,-0.9578725172473351,0.9117819460726846,0.24266806518355377,0.015936467779969377,0.44786461276025297,0.04893385402936581,0.0501107853873127,-0.9578725172473351,0.018336643037279998,3,0.2726824440352659,1,-0.33513993083426885,0.0,1.1904761904761905,8.103174603174603,False,-0.01870887053798814,0.0654042167842989
TIMS3,2022-04-01,4.5,1.0060686078810002,0.16727349928971513,0.14227600540219212,0.30271579767225326,0.19985965558062563,-0.21794423847270472,0.3546666666666667,0.883714914254963,0.15106684094907763,0.25337418723476607,0.20099844180469578,0.20314151285941953,-0.3584821897867012,0.016206658340637503,2,0.37351930554926566,1,0.4120244292556785,1.0,2.869047619047619,1.5833333333333333,False,-0.2550965714640228,0.23076848078781162
AXIA3,2013-04-15,13.46,20.546320155775323,0.25616615283220834,0.30080616219345174,0.6006001465195526,0.3994424338440623,-0.45496533601525946,0.3283492822966507,17.251515017400642,0.24077545338605333,0.4949491200560394,0.4920460538322333,0.5426887449827968,-0.6744438645954547,0.01539069944615501,4,0.17490952744213567,2,1.9740778639170131,1.0,5.234126984126984,3.130952380952381,False,-0.29781999414756866,0.2777105574128854
MOTV3,2013-01-03,13.74,0.7694367505763788,0.04240338696457813,0.35617979687555645,0.02999854022532808,0.030298412611488867,-0.5733771222764185,0.9642438452520515,0.45294021713798327,0.027560330911722053,0.3592498156599944,-0.007737846294683468,-0.0079689625355547,-0.5733771222764183,0.014843056052856074,1,0.06455414833650458,0,,,0.48412698412698413,13.055555555555555,True,-0.004171966899880639,0.04909048765876149
POMO4,2013-01-03,13.74,0.9254750250303392,0.048834119721652414,0.4105470080175919,0.09272678713324514,0.09447900851131302,-0.7099238970368562,0.94021101992966,0.587263104459945,0.034193768027510396,0.41594874635726753,0.06257963866648251,0.06556370017309064,-0.7625396190917588,0.014640351694142018,1,0.06951963637009412,0,,,0.8095238095238095,12.73015873015873,True,-0.006176679730435355,0.04321950337702333
GGBR4,2013-01-03,13.74,2.4137472467074343,0.09346551654894442,0.3990006257338967,0.1890676605241847,0.1893250613256455,-0.8192080276110849,0.8944900351699883,1.8583200344504944,0.07942572828188532,0.41821652735286596,0.16779616252405333,0.1762337958170019,-0.8192080276110849,0.014039788267059095,3,0.24647668046615673,1,0.7686017630294937,1.0,1.4246031746031746,7.857142857142857,False,-0.04247479069671907,0.0719199392215111
ABEV3,2016-07-01,10.25,0.39942762053068637,0.033328372993898236,0.26210687817662515,-0.08926878328728159,-0.09044687986928968,-0.45129929310204286,0.9686028257456829,0.2299129876116759,0.02039375931968679,0.2642597948944614,-0.13474766822361103,-0.13847441136672253,-0.5198977546787846,0.012934613674211448,3,0.30939471600831236,1,0.22348418727585995,1.0,0.3134920634920635,8.23015873015873,False,-0.011738341114316533,0.04955388571696605
PETR4,2013-01-03,13.74,11.414023335626352,0.20117919850343347,0.3718481759174188,0.43147297645124566,0.3310232375137867,-0.8289903301923716,0.5618405627198124,9.795513633095474,0.1890296695216236,0.44995905981072465,0.40769818295851906,0.4026744214115848,-0.8289903301923716,0.012149528981809876,8,0.8771642611300178,4,0.7233566483739251,1.0,1.9722222222222223,5.071428571428571,False,-0.13376874982851894,0.14512783080571087
ISAE4,2013-01-03,13.74,8.402597462688611,0.17713592424879754,0.23798250383329467,0.4164635465588081,0.42899495700173923,-0.3747700803533678,0.9856389214536928,7.382013794549948,0.16733432654943492,0.23914321618840073,0.3800747923968705,0.3938939217184145,-0.3747700803533678,0.009801597699362619,3,0.09818660993278044,1,1.3796868265237991,1.0,0.19047619047619047,9.607142857142858,False,-0.0034239320032640936,0.03431026574240499
TAEE11,2013-04-02,13.5,6.8523012141123685,0.16495147869297533,0.21933099034456283,0.38180140974567356,0.38078360287915286,-0.26795044763515674,0.9490008947211452,6.297708220422873,0.1586468592370407,0.22362372582036175,0.35407901012124277,0.36258234773446835,-0.26795044763515674,0.006304619455934635,3,0.2198098081192669,1,3.2550940851724643,1.0,0.6746031746031746,7.932539682539683,False,-0.006212866868334986,0.024467104784617028
MYPK3,2013-01-03,13.74,-0.44712835298545317,-0.04221092068436294,0.40044556680970894,-0.14595931646633692,-0.15266978090633812,-0.6832030250687247,0.9970691676436108,-0.48770485951382336,-0.04750921596556901,0.4008356169813042,-0.15947222635070463,-0.16691101665484878,-0.6832030250687248,0.005298295281206067,1,0.09822779820801915,0,,,0.03968253968253968,13.5,True,-7.771561172376096e-16,0.01791813621069543
MOVI3,2019-04-03,7.5,0.21193203953769713,0.025973220599886604,0.5226226629039719,0.1336466141666556,0.12362924781271974,-0.797255921077828,0.7414346895074947,0.20044432443835314,0.02467053738515057,0.5715057821021682,0.1671010443315305,0.17763323210465748,-0.8271959798420453,0.0013026832147360334,3,0.4860237474035613,1,0.3830407612424147,1.0,0.9841269841269841,4.892857142857143,False,-0.15339712310077072,0.1421227154664446
RENT3,2013-01-03,13.74,4.098014052470452,0.12584867498317442,0.35044230946295213,0.2476367218985737,0.2257563881427406,-0.5952966389816093,0.7523446658851114,4.046654621383773,0.12501937989291467,0.3968614023742803,0.26079816386397797,0.2705917726144296,-0.5952966389816093,0.0008292950902597518,5,0.35629955125308743,2,1.1326972584020532,1.0,2.0674603174603177,4.896825396825397,False,-0.10759930602821481,0.10111219706345474
VAMO3,2022-10-03,3.99,-0.6498830790111425,-0.23105181400103214,0.5430312830863315,-0.446347480468112,-0.4830233540605094,-0.822999585213,0.998997995991984,-0.6498830790111425,-0.23105181400103214,0.5430312830863315,-0.446347480468112,-0.4830233540605094,-0.822999585213,0.0,1,0.48251745930427803,0,,,0.003968253968253968,3.9563492063492065,True,0.0,0.0
SIMH3,2022-04-01,4.5,-0.5408487774950728,-0.15880595474074388,0.5507854992818099,-0.2669611307553141,-0.2867776807176334,-0.7597138406854421,0.9991111111111111,-0.5408487774950728,-0.15880595474074388,0.5507854992818099,-0.2669611307553141,-0.2867776807176334,-0.7597138406854421,0.0,1,0.37276752644880184,0,,,0.003968253968253968,4.4603174603174605,True,0.0,0.0
BRAV3,2022-07-01,4.25,-0.4821223024795107,-0.14337822453022242,0.45922235512695236,-0.3798747022675146,-0.3879381987971859,-0.7309972157729101,0.9990592662276576,-0.4821223024795107,-0.14337822453022242,0.45922235512695236,-0.3798747022675146,-0.3879381987971859,-0.7309972157729101,0.0,1,0.3243689960383503,0,,,0.003968253968253968,4.214285714285714,True,0.0,0.0
GMAT3,2022-07-01,4.25,0.5684544263560087,0.11166268581949601,0.3960137501218631,0.15499072477785467,0.1668466422447083,-0.5655405227395038,0.9990592662276576,0.5684544263560087,0.11166268581949601,0.3960137501218631,0.15499072477785467,0.1668466422447083,-0.5655405227395038,0.0,1,0.1232724435949082,0,,,0.003968253968253968,4.214285714285714,True,0.0,0.0
VBBR3,2020-07-01,6.25,1.7732750579780356,0.17726179442391343,0.3278712923923147,0.35839621388513554,0.3681844016564269,-0.5518820583531339,0.9993585631815266,1.7732750579780356,0.17726179442391343,0.3278712923923147,0.35839621388513554,0.3681844016564269,-0.5518820583531339,0.0,1,0.12372887994103701,0,,,0.003968253968253968,6.182539682539683,True,0.0,0.0
RIAA3,2013-07-02,13.25,0.3589025518410347,0.02341815454517482,0.49183924371307,0.10053480041605282,0.10297935188383871,-0.8671228049942186,0.9996960486322188,0.3589025518410347,0.02341815454517482,0.49183924371307,0.10053480041605282,0.10297935188383871,-0.8671228049942186,0.0,1,0.05685048358108995,0,,,0.003968253968253968,13.051587301587302,True,0.0,0.0
CMIG4,2013-01-03,13.74,4.915517113426987,0.13810041479913804,0.3870622761446279,0.28907490810505904,0.29137447767865393,-0.7526439241616909,0.9997069167643611,4.915517113426987,0.13810041479913804,0.3870622761446279,0.28907490810505904,0.29137447767865393,-0.7526439241616909,0.0,1,0.032644648772033866,0,,,0.003968253968253968,13.535714285714286,True,0.0,0.0
AURE3,2023-10-03,3.0,0.11882298150259007,0.03819705588154543,0.27704045531566013,-0.16601124635308226,-0.17539087628189245,-0.4421487109178137,0.9986631016042781,0.11882298150259007,0.03819705588154543,0.27704045531566013,-0.16601124635308226,-0.17539087628189245,-0.4421487109178137,0.0,1,0.3565794490303381,0,,,0.003968253968253968,2.9642857142857144,True,0.0,0.0
ASAI3,2022-10-03,3.99,-0.35960136051455804,-0.10557017878884423,0.44770049509930293,-0.3040248346859461,-0.3209999254109136,-0.7555193174355099,0.998997995991984,-0.35960136051455804,-0.10557017878884423,0.44770049509930293,-0.3040248346859461,-0.3209999254109136,-0.7555193174355099,0.0,1,0.39734114710105645,0,,,0.003968253968253968,3.9563492063492065,True,0.0,0.0
BRSR6,2013-01-03,13.74,1.4748397073845223,0.06816853957236924,0.37608837687075475,0.11460645888062922,0.11515280601592606,-0.7228477929763646,0.9997069167643611,1.4748397073845223,0.06816853957236924,0.37608837687075475,0.11460645888062922,0.11515280601592606,-0.7228477929763646,0.0,1,0.05463965374150604,0,,,0.003968253968253968,13.535714285714286,True,0.0,0.0
JALL3,2022-10-03,3.99,-0.6441197600960228,-0.22790240391341232,0.3759146291807747,-0.8348563580495598,-0.8929258546163904,-0.783952612123431,0.998997995991984,-0.6441197600960228,-0.22790240391341232,0.3759146291807747,-0.8348563580495598,-0.8929258546163904,-0.783952612123431,0.0,1,0.3204948121609871,0,,,0.003968253968253968,3.9563492063492065,True,0.0,0.0
TTEN3,2023-04-03,3.5,-0.1278466074754182,-0.038369433279920706,0.3686484432950039,-0.2556460695768509,-0.26240074990491863,-0.44024800263287234,0.9988558352402745,-0.1278466074754182,-0.038369433279920706,0.3686484432950039,-0.2556460695768509,-0.26240074990491863,-0.44024800263287234,0.0,1,0.265029899652429,0,,,0.003968253968253968,3.4642857142857144,True,0.0,0.0
VIVA3,2021-10-01,5.0,-0.07298001803664411,-0.015043800841562316,0.3864154216272749,-0.15503628470684963,-0.15412124709263642,-0.524723380810377,0.999198717948718,-0.07298001803664411,-0.015043800841562316,0.3864154216272749,-0.15503628470684963,-0.15412124709263642,-0.524723380810377,0.0,1,0.21252060081610805,0,,,0.003968253968253968,4.948412698412699,True,0.0,0.0
YDUQ3,2013-07-02,13.25,0.09743165256793596,0.007042295942411014,0.5270769428134173,0.09434326707675651,0.09894680716970425,-0.8793049914291031,0.9996960486322188,0.09743165256793596,0.007042295942411014,0.5270769428134173,0.09434326707675651,0.09894680716970425,-0.8793049914291031,0.0,1,0.04469749389603961,0,,,0.003968253968253968,13.051587301587302,True,0.0,0.0
RDOR3,2022-07-01,4.25,0.569020474753889,0.11175702965556167,0.3594283058862887,0.13262285466467735,0.14186164189013703,-0.4838605874904435,0.9990592662276576,0.569020474753889,0.11175702965556167,0.3594283058862887,0.13262285466467735,0.14186164189013703,-0.4838605874904435,0.0,1,0.20171052371755865,0,,,0.003968253968253968,4.214285714285714,True,0.0,0.0
EGIE3,2013-01-03,13.74,2.4697022498134986,0.09476003254932386,0.19645920132600578,0.08362560125735861,0.07588423095714444,-0.26901845065599383,0.7974794841735052,2.62015980441141,0.0981471820160158,0.2368479236829379,0.11951684552952961,0.12169650573411302,-0.32125679015630737,-0.003387149466691941,3,0.19217138516268248,1,1.167963485196423,1.0,2.2817460317460316,5.4563492063492065,False,-0.05685809056211737,0.04918558421077724
COGN3,2013-10-01,13.0,-0.6007062629953573,-0.06818740300907056,0.4504560773744739,-0.1464051199869279,-0.13124585986819073,-0.9374074895679726,0.7200867947923124,-0.5810825934002155,-0.06474201703380067,0.5113599045643138,-0.06462937384997895,-0.06824432118582144,-0.9508682935131807,-0.003445385975269888,3,0.4570007404522516,1,0.39257894642479996,1.0,3.138888888888889,8.523809523809524,False,-0.12459719056898877,0.11351519166724978
CVCB3,2016-01-04,10.74,-0.8567697910103024,-0.16550680278320073,0.5891479675385609,-0.17121684334759624,-0.15225504647015436,-0.9713027143471125,0.6997379258704605,-0.8494325283887969,-0.16161625150307335,0.6427269288454681,-0.09841138173735695,-0.10375832167250713,-0.9795726383574791,-0.0038905512801273856,5,0.6245615248465314,2,0.5440139989118236,0.5,1.9603174603174602,4.7103174603174605,False,-0.15507062273447067,0.11782721701770782
BBSE3,2015-10-01,11.0,2.5860473954807666,0.12309502007840512,0.2541868067309108,0.22232415498269992,0.2078867424991361,-0.4195362573078565,0.8982057854265837,2.742620632383481,0.12746650723358166,0.2707858732657972,0.23938216968022719,0.23597196741669998,-0.440436508939848,-0.0043714871551765455,5,0.3684988549703222,2,0.23058752792810933,0.5,0.8571428571428571,5.515873015873016,False,-0.04877491692112663,0.047366391550992114
SANB11,2013-01-03,13.74,2.419734443751001,0.09360496620100411,0.28133859690532814,0.12559100582733906,0.11470031636360524,-0.33657020354252387,0.7209847596717468,3.9326183797978747,0.12314971058879731,0.33267121039331526,0.23524770258940012,0.2468381203474634,-0.5251472271959775,-0.029544744387793198,3,0.16001003553550908,1,0.7184001344972559,1.0,3.7738095238095237,6.48015873015873,False,-0.14546054968124436,0.06721073737500145
B3SA3,2013-01-03,13.74,3.5928095542722254,0.11733071941147166,0.17799680667431234,0.18905382401070367,0.09650311728818195,-0.37161030672888995,0.22479484173505276,5.813032962045421,0.14986027807575875,0.3692922537585106,0.311600323693669,0.3245091877754181,-0.5177848510219458,-0.032529558664287084,2,0.08822975344254547,1,0.7889774098912463,1.0,10.063492063492063,3.0436507936507935,False,-0.20070440302408743,0.11933988215236767
EMBJ3,2013-01-03,13.74,3.4151084502596767,0.11412678660300912,0.3864217854265357,0.2320214766735639,0.21950946128071322,-0.7955075307089406,0.813599062133646,6.372734420987483,0.15648588152119913,0.4214095104359576,0.33594487964808517,0.3529175007722902,-0.7955075307089406,-0.04235909491819001,4,0.27819883779694304,2,0.8794574033449835,1.0,2.1507936507936507,10.65079365079365,False,-0.1246603547262192,0.025823084232186263
RADL3,2013-01-03,13.74,1.7024363092196686,0.07502939519740681,0.19209092453086699,-0.015441852043574428,-0.008822577632475865,-0.43385255947622536,0.29835873388042206,4.011817946352843,0.12445241003766405,0.3187767470498737,0.23538361950931716,0.24418302825039565,-0.5469348897419133,-0.04942301484025724,3,0.19996863676227292,1,0.417265515167778,1.0,9.496031746031745,2.2698412698412698,False,-0.19251462743232642,0.07282154796732274
CSNA3,2013-01-03,13.74,-0.5115980243643758,-0.05081415035656156,0.5244364245626544,-0.02093425462225626,-0.021126367893762026,-0.8618433010525319,0.8660609613130129,-0.014871719730639055,-0.0010898005195704163,0.5667885052703743,0.11266622853977708,0.12133983127153249,-0.8735363667811138,-0.049724349836991144,5,0.4616304172550705,2,0.2008183718610378,1.0,1.2182539682539681,4.9523809523809526,False,-0.25800407594066477,0.1018190175750682
ENEV3,2013-05-27,13.35,-0.8982006854223856,-0.1573306625506664,0.4354242641209697,-0.3960624549298375,-0.29639737684324075,-0.9795231615273168,0.501659125188537,-0.7810873808842482,-0.10757637624029726,0.5211906290449402,-0.14159996310717451,-0.14941980451490292,-0.9839395389329292,-0.049754286310369156,3,1.0575421670279521,1,-0.9727098349600379,0.0,6.551587301587301,3.8095238095238093,False,-0.19410649344851166,0.06170901049449707
VULC3,2014-07-01,12.25,5.2958987600696705,0.16203492685109167,0.2954094255547865,0.3395279154895149,0.2357231249242139,-0.553505544593174,0.4503942181340342,9.66934610297835,0.21315620087529297,0.5959255922209447,0.44182496549255046,0.562420025927841,-0.6654378013537836,-0.0511212740242013,11,1.1180492414585488,5,0.39805194752772854,0.6,1.8650793650793651,2.4801587301587302,False,-0.3654012232357209,0.177531253989251
ROMI3,2013-01-03,13.74,1.0809522800637978,0.05477793462742042,0.3125580395264672,0.024432944672905132,0.020592487244223877,-0.7987988231923697,0.5413247362250879,3.1257809850896496,0.108645029344423,0.48030777882611375,0.25934303374249223,0.28950817846879834,-0.7987988231923697,-0.05386709471700257,3,0.23472556268169747,1,0.8459436999167194,1.0,6.2063492063492065,4.912698412698413,False,-0.3402205004358883,0.13109205861036666
SUZB3,2019-07-02,7.25,0.05352274498694731,0.007217754302460522,0.3111483907332388,-0.12137812208562641,-0.11966241967372991,-0.4710351954853764,0.8677365799667958,0.5867110790702785,0.0657504609769437,0.3390547258601244,0.08364913853725028,0.08969421790902643,-0.49098576035166885,-0.05853270667448318,3,0.39647556518452776,1,0.18800485366326813,1.0,0.9444444444444444,5.242063492063492,False,-0.2125699270711192,0.049729134023162674
EQTL3,2013-10-01,13.0,4.057837883537603,0.1328019757194292,0.18276020957180558,0.2587459300525673,0.1977384107131212,-0.26785662397333976,0.5114693118412895,11.28757273835517,0.21285671604905532,0.2665712860152338,0.5086575819021115,0.5226117394981297,-0.40966544874019206,-0.08005474032962612,3,0.14038141641226043,1,0.3398783699032262,1.0,5.880952380952381,5.920634920634921,False,-0.20638526737338886,0.030614584828191294
CPLE3,2013-01-03,13.74,5.0446420308140585,0.13989025745339667,0.2597762249052563,0.27743299118388537,0.19538146642534282,-0.5237747430603417,0.4780187573270809,14.455591332113858,0.22048901874278282,0.3450008499292754,0.48457805261244313,0.49766157434660147,-0.5237747430603417,-0.08059876128938614,2,0.11024617919825536,1,2.1152467790987566,1.0,7.063492063492063,6.472222222222222,False,-0.19907778566745785,0.018311277495222607
BPAC11,2019-01-03,7.74,5.762946565382664,0.2800180964586396,0.3358839288244022,0.6380934044158866,0.571154367385181,-0.371976450933167,0.673924313115604,10.556983541173482,0.37173921059471793,0.4467252064890696,0.7355080339775579,0.7656906115958527,-0.6801420511628135,-0.09172111413607831,3,0.23726689936813303,1,0.8850053071611348,1.0,1.3214285714285714,4.888888888888889,False,-0.4616498103360882,0.1972160118762221
WEGE3,2013-07-02,13.25,4.3076133200575555,0.1342681539019439,0.14326499787654837,0.29623822531685773,0.14909357397265252,-0.22503766813676807,0.23009118541033435,14.755295970069097,0.23135228715354716,0.3178070145821078,0.523026792880191,0.5402446878039375,-0.4951014819655445,-0.09708413325160326,3,0.22112371963694893,1,0.5504234607179972,1.0,7.753968253968254,1.8214285714285714,False,-0.33424126640669566,0.07071246762224462
MBRF3,2013-11-14,12.88,0.94004515912254,0.05280426307085695,0.3441979372754046,0.042582812205943406,0.03476868267182467,-0.7892676098899907,0.5381966186599875,5.570994128203904,0.1574076319094615,0.47452232569865227,0.34685788227203806,0.3777063745403184,-0.7133894965549337,-0.10460336883860455,5,0.3822849737044076,2,0.16922671804689016,0.5,2.9365079365079363,4.9523809523809526,False,-0.2963003579621454,0.05913458693442832
PRIO3,2013-01-03,13.74,0.4156980897446465,0.02562041381105873,0.5618606190332962,0.135878168697968,0.12704823667151155,-0.9755752221403582,0.5624267291910903,10.349355481514147,0.1933666731720074,0.6862937780002912,0.4505286677945131,0.5330861090630356,-0.9755752221403582,-0.16774625936094867,3,0.342805044530423,1,-0.4737478375863353,0.0,5.920634920634921,6.023809523809524,False,-0.4949663084317792,0.04651951592845818
MGLU3,2013-07-02,13.25,-0.5440693896841585,-0.05756042012978957,0.5579422098100274,-0.007560286925973063,-0.006895685773506217,-0.9511787575132515,0.6413373860182371,5.127743290470215,0.14663664583416902,0.656744502468998,0.3881457654739461,0.4332543671883787,-0.9834719896419661,-0.2041970659639586,3,0.30308231132490543,1,2.6953169457042248,1.0,4.678571428571429,4.833333333333333,False,-0.561139150288238,0.024830996615915236
