data,ticker,direcao,preco,quantidade,valor,custo,caixa_slot_apos
2016-07-04,ABEV3,COMPRA,12.531505584716797,1318.688351855372,16541.6921379145,16.5416921379145,0.0
2018-02-02,ABEV3,VENDA,15.362809181213379,1318.688351855372,20258.757519042847,20.25875751904285,20238.498761523802
2018-05-30,ABEV3,COMPRA,13.743467330932617,1500.4385847181186,20641.870541685923,20.641870541685922,0.0
2013-01-04,PETR4,COMPRA,4.606863021850586,2493.858018707145,11500.362650778294,11.500362650778294,0.0
2018-03-06,PETR4,VENDA,5.486192226409912,2493.858018707145,13681.784476001165,13.681784476001166,13668.102691525164
2020-03-10,PETR4,COMPRA,4.741443157196045,3229.0457541223623,15325.662557714131,15.325662557714132,0.0
2020-11-24,PETR4,VENDA,7.0799055099487305,3229.0457541223623,22861.338826487467,22.86133882648747,22838.47748766098
2022-07-01,PETR4,COMPRA,11.5548677444458,2176.517656501343,25174.548212536673,25.174548212536674,0.0
2024-02-19,PETR4,VENDA,29.558067321777344,2176.517656501343,64333.655417903756,64.33365541790376,64269.32176248585
2026-01-07,PETR4,COMPRA,28.048057556152344,2861.169490430571,80330.57712262636,80.33057712262637,0.0
2026-03-30,PETR4,VENDA,46.702880859375,2861.169490430571,133624.85783005762,133.62485783005764,133491.23297222756
2013-07-03,VALE3,COMPRA,11.826874732971191,1004.5762430862978,11892.890276977438,11.892890276977438,0.0
2018-05-07,VALE3,VENDA,25.159738540649414,1004.5762430862978,25274.875620199124,25.274875620199126,25249.600744578926
2020-03-10,VALE3,COMPRA,24.180328369140625,1157.5528904025186,28018.02702160235,28.01802702160235,0.0
2020-11-26,VALE3,VENDA,43.045841217041016,1157.5528904025186,49827.8379205937,49.8278379205937,49778.01008267311
2023-08-15,VALE3,COMPRA,46.7692756652832,1350.8063947186163,63239.47612114346,63.23947612114346,0.0
2013-01-04,BBAS3,COMPRA,5.229371070861816,2196.9873876695683,11500.362650778294,11.500362650778294,0.0
2014-09-03,BBAS3,VENDA,8.55025863647461,2196.9873876695683,18784.810385647517,18.784810385647518,18766.02557526187
2014-09-30,BBAS3,COMPRA,5.924541473388672,3188.9376002241283,18911.904973549943,18.911904973549944,0.0
2018-03-07,BBAS3,VENDA,12.326826095581055,3188.9376002241283,39309.47922762241,39.30947922762241,39270.16974839479
2018-05-04,BBAS3,COMPRA,9.988115310668945,3966.9357361155694,39661.87343577147,39.66187343577147,0.0
2019-01-15,BBAS3,VENDA,14.7181978225708,3966.9357361155694,58386.14491357447,58.38614491357447,58327.7587686609
2020-03-12,BBAS3,COMPRA,9.973139762878418,6219.7590546440715,62092.618962356224,62.09261896235623,0.0
2013-04-03,BBDC4,COMPRA,6.532040119171143,1786.7868968744926,11683.046741535032,11.683046741535032,0.0
2014-09-03,BBDC4,VENDA,8.345952987670898,1786.7868968744926,14912.439440300885,14.912439440300885,14897.527000860584
2014-10-01,BBDC4,COMPRA,6.7284698486328125,2229.991624330138,15019.45085786691,15.01945085786691,0.0
2019-01-10,BBDC4,VENDA,16.244966506958008,2229.991624330138,36226.13924803998,36.226139248039985,36189.91310879194
2020-02-17,BBDC4,COMPRA,15.944491386413574,2409.386954862709,38454.90445279849,38.45490445279849,0.0
2022-04-04,SIMH3,COMPRA,21.89765739440918,1092.9794828264771,23957.647901954686,23.957647901954687,0.0
2013-07-03,MGLU3,COMPRA,1.2344939708709717,9624.184213972361,11892.890276977438,11.892890276977438,0.0
2017-02-07,MGLU3,VENDA,4.57098388671875,9624.184213972361,43991.99096488062,43.99199096488062,43947.99897391574
2021-11-17,MGLU3,COMPRA,79.4173583984375,716.0809411341697,56926.182927270056,56.926182927270055,0.0
2013-01-04,CSNA3,COMPRA,6.065817832946777,1894.0335177435127,11500.362650778294,11.500362650778294,0.0
2016-04-13,CSNA3,VENDA,7.819009304046631,1894.0335177435127,14809.465697412696,14.809465697412696,14794.656231715282
2016-11-16,CSNA3,COMPRA,6.315354347229004,2530.1322108429367,15994.676132944016,15.994676132944017,0.0
2020-07-07,CSNA3,VENDA,7.05689811706543,2530.1322108429367,17854.885234624115,17.854885234624113,17837.03034938949
2021-10-01,CSNA3,COMPRA,19.634611129760742,939.0144720371734,18455.639643310802,18.455639643310803,0.0
2013-02-05,ITSA4,COMPRA,1.9159209728240967,6030.116456570462,11564.79137909417,11.564791379094169,0.0
2014-09-03,ITSA4,VENDA,2.7699296474456787,6030.116456570462,16702.998350604605,16.702998350604606,16686.295352254
2014-10-01,ITSA4,COMPRA,2.235337972640991,7518.34225341115,16822.85878915033,16.82285878915033,0.0
2018-01-29,ITSA4,VENDA,4.785915851593018,7518.34225341115,35982.15336830199,35.98215336830199,35946.17121493369
2018-06-08,ITSA4,COMPRA,3.980800151824951,9223.97936124122,36755.57401567494,36.75557401567494,0.0
2019-02-05,ITSA4,VENDA,5.793524265289307,9223.97936124122,53439.348251878764,53.43934825187876,53385.908903626885
2019-05-14,ITSA4,COMPRA,5.183627605438232,10457.175688880954,54260.364940741616,54.26036494074162,0.0
2019-07-08,ITSA4,VENDA,6.118001461029053,10457.175688880954,63977.01614281117,63.977016142811166,63913.03912666836
2020-03-13,ITSA4,COMPRA,5.0208740234375,13152.096941338697,66101.12300950877,66.10112300950877,0.0
2013-12-04,ITUB4,COMPRA,6.8303399085998535,1802.5253537884082,12324.185045289323,12.324185045289324,0.0
2014-08-21,ITUB4,VENDA,9.417612075805664,1802.5253537884082,16975.48453878359,16.97548453878359,16958.509054244805
2014-10-02,ITUB4,COMPRA,8.468084335327148,2025.2482222960814,17167.139886260862,17.167139886260863,0.0
2018-01-26,ITUB4,VENDA,18.436893463134766,2025.2482222960814,37339.28571087593,37.33928571087593,37301.94642516505
2018-06-08,ITUB4,COMPRA,15.002460479736328,2540.5040493373854,38151.96356235659,38.15196356235659,0.0
2018-10-09,ITUB4,VENDA,18.500364303588867,2540.5040493373854,47000.25042748434,47.00025042748434,46953.250177056856
2020-03-10,ITUB4,COMPRA,17.72369956970215,2859.760962291539,50736.28041723479,50.73628041723479,0.0
2013-10-25,POMO4,COMPRA,2.3143064975738525,5270.898802375967,12210.686032425363,12.210686032425363,0.0
2016-12-13,COGN3,COMPRA,10.350109100341797,1692.5344497322378,17535.45166247811,17.53545166247811,0.0
2017-08-25,COGN3,VENDA,14.442214012145996,1692.5344497322378,24443.944745962737,24.44394474596274,24419.500801216775
2018-02-09,COGN3,COMPRA,12.220044136047363,2061.8063822183854,25220.585576269077,25.220585576269077,0.0
2019-07-03,SUZB3,COMPRA,27.243383407592773,778.8984639167942,21241.07055862892,21.24107055862892,0.0
2020-07-01,SUZB3,VENDA,32.43009948730469,778.8984639167942,25259.754675330434,25.259754675330434,25234.494920655103
2021-06-18,SUZB3,COMPRA,49.77157211303711,517.1623609337591,25765.74949085397,25.76574949085397,0.0
2020-03-19,SAPR11,COMPRA,16.961956024169922,1295.6212668052656,21998.269220750994,21.998269220750995,0.0
2022-10-04,VAMO3,COMPRA,12.846517562866211,1981.080410419129,25475.45974564519,25.47545974564519,0.0
2013-01-04,MRVE3,COMPRA,6.553188800811768,1753.1712632336105,11500.362650778294,11.500362650778294,0.0
2019-06-21,MRVE3,VENDA,16.8427791595459,1753.1712632336105,29528.27641550581,29.52827641550581,29498.748139090305
2020-03-19,MRVE3,COMPRA,9.701425552368164,3152.1067073749628,30610.539093812356,30.610539093812356,0.0
2020-07-13,MRVE3,VENDA,19.022403717041016,3152.1067073749628,59960.64634687941,59.960646346879415,59900.68570053253
2021-08-04,MRVE3,COMPRA,13.314162254333496,4609.785886533356,61436.87412516684,61.43687412516684,0.0
2020-03-05,IRBR3,COMPRA,355.31488037109375,61.75158857698941,21963.22152948748,21.96322152948748,0.0
2015-10-02,BBSE3,COMPRA,10.466288566589355,1434.368832829557,15027.54566097709,15.02754566097709,0.0
2019-10-01,BBSE3,VENDA,17.9518985748291,1434.368832829557,25749.643805852207,25.74964380585221,25723.894162046356
2020-01-02,BBSE3,COMPRA,19.87699317932129,1308.1387366725926,26027.892639086178,26.02789263908618,0.0
2020-04-23,BBSE3,VENDA,14.925500869750977,1308.1387366725926,19524.625851961726,19.524625851961726,19505.101226109764
2021-03-10,BBSE3,COMPRA,14.437421798706055,1374.3617433785842,19862.102295457084,19.862102295457085,0.0
2013-07-03,EZTC3,COMPRA,7.992553234100342,1486.5083833298747,11892.890276977438,11.892890276977438,0.0
2019-08-08,EZTC3,VENDA,21.60929298400879,1486.5083833298747,32122.39517856051,32.12239517856051,32090.272783381948
2020-03-19,EZTC3,COMPRA,17.30086326599121,1907.4763901605768,33034.02223150615,33.03402223150615,0.0
2013-04-03,LREN3,COMPRA,6.9435882568359375,1680.8836098976753,11683.046741535032,11.683046741535032,0.0
2017-09-05,LREN3,VENDA,18.112850189208984,1680.8836098976753,30445.59301157339,30.44559301157339,30415.147418561817
2018-05-18,LREN3,COMPRA,17.228342056274414,1847.2508603243848,31856.92661202772,31.85692661202772,0.0
2019-01-02,LREN3,VENDA,25.094879150390625,1847.2508603243848,46356.53710029555,46.356537100295554,46310.18056319525
2020-03-17,LREN3,COMPRA,24.741857528686523,1995.9367302257801,49432.61483034903,49.43261483034903,0.0
2022-07-04,BRAV3,COMPRA,35.08690643310547,702.0633118991138,24657.887622342692,24.65788762234269,0.0
2022-01-04,CEAB3,COMPRA,5.059819221496582,4616.933377933504,23384.232482519605,23.384232482519604,0.0
2025-06-30,CEAB3,VENDA,18.88077163696289,4616.933377933504,87171.26477183418,87.17126477183417,87084.09350706234
2026-01-06,CEAB3,COMPRA,10.6899995803833,8747.489691336501,93604.26539518964,93.60426539518964,0.0
2014-01-07,CSAN3,COMPRA,5.966648101806641,2078.780517367054,12415.767595616375,12.415767595616375,0.0
2016-10-06,CSAN3,VENDA,8.042298316955566,2078.780517367054,16718.17305614108,16.71817305614108,16701.454883084938
2017-06-19,CSAN3,COMPRA,6.507983684539795,2778.0312726040293,18097.47967692527,18.09747967692527,0.0
2018-01-29,CSAN3,VENDA,9.497745513916016,2778.0312726040293,26385.034056893317,26.385034056893318,26358.649022836424
2018-07-03,CSAN3,COMPRA,7.542403221130371,3584.7939799304863,27065.026688004466,27.065026688004465,0.0
2019-01-28,CSAN3,VENDA,9.314567565917969,3584.7939799304863,33390.8057359585,33.3908057359585,33357.41493022254
2022-10-11,CSAN3,COMPRA,14.727400779724121,2793.3113827415755,41179.39563183237,41.17939563183237,0.0
2026-04-01,CSAN3,VENDA,5.429999828338623,2793.3113827415755,15167.680328783077,15.167680328783078,15152.512648454294
2023-07-04,RAIZ4,COMPRA,4.1950883865356445,6664.098360835705,27984.46610637947,27.98446610637947,0.0
2026-04-01,RAIZ4,VENDA,0.5299999713897705,6664.098360835705,3531.97194058154,3.53197194058154,3528.4399686409583
2013-06-05,AZZA3,COMPRA,23.081016540527344,511.7228298558286,11822.906006073912,11.822906006073913,0.0
2018-01-05,AZZA3,VENDA,44.98509216308594,511.7228298558286,23019.898663019594,23.019898663019596,22996.878764356574
2018-06-19,AZZA3,COMPRA,32.28174591064453,731.8425080319196,23648.802693588845,23.648802693588845,0.0
2019-11-25,AZZA3,VENDA,51.675323486328125,731.8425080319196,37818.19834359513,37.818198343595135,37780.38014525154
2020-03-17,AZZA3,COMPRA,34.49282455444336,1108.2965999091355,38266.546721673585,38.266546721673585,0.0
2020-11-10,AZZA3,VENDA,54.42151641845703,1108.2965999091355,60315.18160847512,60.31518160847512,60254.86642686665
2021-04-01,AZZA3,COMPRA,57.90879440307617,1047.131212136946,60698.804881563905,60.69880488156391,0.0
2013-05-16,JHSF3,COMPRA,3.995607376098633,2945.1877679722174,11779.59356326853,11.77959356326853,0.0
2013-04-02,NATU3,COMPRA,43.47899246215822,268.36468751200096,11679.906131575312,11.679906131575311,0.0
2020-10-02,NATU3,VENDA,48.940000810380006,268.36468751200096,13133.768024314704,13.133768024314705,13120.63425629039
2022-07-04,NATU3,COMPRA,12.950000214434441,1119.0792006672211,14506.582471080716,14.506582471080716,0.0
2021-01-06,BEEF3,COMPRA,7.816214084625244,2863.473973327809,22403.929530813442,22.403929530813443,0.0
2021-10-06,BEEF3,VENDA,9.32443618774414,2863.473973327809,26700.28033956132,26.70028033956132,26673.580059221757
2024-01-19,BEEF3,COMPRA,6.54280424118042,5288.7510789169655,34637.90089057602,34.63790089057602,0.0
2024-04-02,BEEF3,VENDA,6.629655361175537,5288.7510789169655,35062.59694426477,35.06259694426477,35027.53434732051
2024-10-01,BEEF3,COMPRA,6.205048561096191,5931.8232895163965,36844.09566295355,36.84409566295355,0.0
2025-04-01,BEEF3,VENDA,6.28225040435791,5931.8232895163965,37265.19925914405,37.265199259144055,37227.93405988491
2025-10-01,BEEF3,COMPRA,6.54280424118042,6091.126734256989,39892.94277323731,39.89294277323731,0.0
2020-03-13,MOVI3,COMPRA,11.377482414245605,1930.3489160105214,21984.495340608384,21.984495340608383,0.0
2020-10-21,MOVI3,VENDA,15.767040252685547,1930.3489160105214,30435.889060465805,30.435889060465804,30405.453171405337
2021-10-25,MOVI3,COMPRA,12.49316692352295,2510.1799109925437,31391.488124228057,31.391488124228058,0.0
2013-01-04,CMIG4,COMPRA,1.8851783275604248,6094.310612511148,11500.362650778294,11.500362650778294,0.0
2013-01-24,USIM5,COMPRA,8.235973358154297,1400.1598249608312,11543.222237773163,11.543222237773163,0.0
2017-10-16,USIM5,VENDA,8.05438232421875,1400.1598249608312,11277.422545245738,11.277422545245738,11266.145122700493
2020-03-13,USIM5,COMPRA,5.2180891036987305,2481.5243710453346,12961.77705817268,12.96177705817268,0.0
2020-11-25,USIM5,VENDA,10.791834831237793,2481.5243710453346,26780.201142012498,26.780201142012498,26753.420940870485
2022-04-27,USIM5,COMPRA,10.322488784790039,2792.366580502877,28853.025735999458,28.85302573599946,0.0
2020-02-14,PCAR3,COMPRA,10.152220726013184,2157.0467684839145,21920.735645627785,21.920735645627786,0.0
2021-03-02,PCAR3,VENDA,21.191843032836914,2157.0467684839145,45711.79653219922,45.71179653219922,45666.08473566703
2022-06-02,PCAR3,COMPRA,20.360000610351562,2434.685999836153,49619.82827094943,49.619828270949434,0.0
2025-04-15,PCAR3,VENDA,3.690000057220459,2434.685999836153,8983.991478709255,8.983991478709255,8975.007487230545
2026-03-19,PCAR3,COMPRA,2.0199999809265137,5038.243262324,10187.438732530147,10.187438732530147,0.0
2026-07-01,PCAR3,VENDA,2.2899999618530273,5038.243262324,11537.576878528233,11.537576878528233,11526.039301649704
2020-07-02,VBBR3,COMPRA,13.675253868103027,1620.936171708321,22188.902554656983,22.188902554656984,0.0
2022-10-04,CMIN3,COMPRA,2.2383627891540527,11369.910368961186,25475.45974564519,25.47545974564519,0.0
2026-07-29,CMIN3,VENDA,5.980000019073486,11369.910368961186,67992.06422325173,67.99206422325173,67924.07215902848
2013-06-25,DIRR3,COMPRA,1.8123774528503418,6543.879553884095,11871.851609237125,11.871851609237124,0.0
2020-01-16,DIRR3,VENDA,3.5013015270233154,6543.879553884095,22912.095474671034,22.912095474671034,22889.18337919636
2020-03-23,DIRR3,COMPRA,1.683396577835083,13683.45533037468,23057.73961572769,23.05773961572769,0.0
2020-07-07,DIRR3,VENDA,3.3830978870391846,13683.45533037468,46292.46881558565,46.29246881558565,46246.176346770066
2022-06-14,DIRR3,COMPRA,2.134723663330078,23891.833590054895,51053.51604107567,51.053516041075675,0.0
2023-06-07,DIRR3,VENDA,4.831175327301025,23891.833590054895,115425.63696425509,115.42563696425509,115310.21132729083
2013-04-02,RENT3,COMPRA,7.3516011238098145,1587.1680235280392,11679.906131575312,11.679906131575311,0.0
2018-02-01,RENT3,VENDA,19.504281997680664,1587.1680235280392,30956.572708592335,30.956572708592336,30925.61613588374
2020-03-13,RENT3,COMPRA,29.552724838256836,1179.099422237091,34880.48126358395,34.880481263583945,0.0
2020-09-24,RENT3,VENDA,47.90119171142578,1179.099422237091,56480.26747141027,56.48026747141027,56423.78720393886
2021-10-22,RENT3,COMPRA,39.78850555419922,1464.2374499601788,58318.13804845553,58.31813804845553,0.0
2013-06-13,B3SA3,COMPRA,2.582637310028076,4581.368832211478,11843.857935004124,11.843857935004124,0.0
2016-07-19,B3SA3,VENDA,4.6295342445373535,4581.368832211478,21209.60389557914,21.209603895579143,21188.394291683562
2013-05-28,ENEV3,COMPRA,127.99495697021484,92.14336905709847,11805.692249803747,11.805692249803748,0.0
2016-04-01,ENEV3,VENDA,3.5,92.14336905709847,322.50179169984466,0.32250179169984466,322.1792899081448
2022-11-29,ENEV3,COMPRA,12.1899995803833,42.84874874172954,522.8490782598925,0.5228490782598925,0.0
2013-01-04,RADL3,COMPRA,3.734422445297241,3076.476337752158,11500.362650778294,11.500362650778294,0.0
2015-04-28,RADL3,VENDA,5.303269386291504,3076.476337752158,16315.382779651221,16.315382779651223,16299.067396871571
2024-12-17,RADL3,COMPRA,22.616010665893555,1658.8753718891094,37554.69780183407,37.55469780183407,0.0
2013-01-04,GGBR4,COMPRA,8.76794147491455,1310.3260692373042,11500.362650778294,11.500362650778294,0.0
2021-01-07,GGBR4,VENDA,15.538057327270508,1310.3260692373042,20359.921581226256,20.359921581226256,20339.56165964503
2022-06-20,GGBR4,COMPRA,14.219269752502441,1564.9479264863949,22274.691406736143,22.274691406736142,0.0
2013-04-16,AXIA3,COMPRA,3.029858350753784,3861.446057073301,11711.34592793675,11.711345927936751,0.0
2016-06-23,AXIA3,VENDA,8.537854194641113,3861.446057073301,32968.46341576367,32.96846341576367,32935.49495234791
2020-03-20,AXIA3,COMPRA,12.85146713256836,3417.7615748756025,43967.217764233115,43.96721776423312,0.0
2021-06-22,AXIA3,VENDA,40.38142395019531,3417.7615748756025,138014.07911573892,138.01407911573892,137876.0650366232
2013-01-04,GOAU4,COMPRA,9.054494857788086,1268.857343073705,11500.362650778294,11.500362650778294,0.0
2021-04-09,GOAU4,VENDA,6.03203010559082,1268.857343073705,7653.785693120568,7.653785693120568,7646.131907427447
2022-06-23,GOAU4,COMPRA,5.1373419761657715,1622.4241664440858,8343.291064483448,8.343291064483449,0.0
2015-10-30,WEGE3,COMPRA,4.4795098304748535,3384.946805830729,15178.080572926132,15.178080572926133,0.0
2017-09-06,WEGE3,VENDA,6.959048271179199,3384.946805830729,23556.008217149887,23.556008217149888,23532.452208932737
2025-07-25,WEGE3,COMPRA,34.41661071777344,1273.2896794711496,43866.1814107278,43.8661814107278,0.0
2023-10-04,AURE3,COMPRA,11.77402114868164,2451.773440212029,28896.128465297672,28.89612846529767,0.0
2023-01-04,CXSE3,COMPRA,5.971564292907715,4398.162206600364,26290.198585936872,26.290198585936874,0.0
2024-01-18,CXSE3,VENDA,11.03545093536377,4398.162206600364,48535.70323670957,48.535703236709566,48487.16753347286
2025-07-23,CXSE3,COMPRA,12.398050308227539,4622.770258709907,57370.708939803255,57.37070893980326,0.0
2026-04-09,CXSE3,VENDA,18.719921112060547,4622.770258709907,86537.89456222918,86.53789456222918,86451.35666766694
2013-01-04,PRIO3,COMPRA,5.411308765411377,2123.120817197374,11500.362650778294,11.500362650778294,0.0
2019-02-25,PRIO3,VENDA,2.853416919708252,2123.120817197374,6058.148862375798,6.0581488623757975,6052.090713513422
2025-02-24,PRIO3,COMPRA,36.72999954223633,264.834253372282,9737.099104236653,9.737099104236654,0.0
2014-02-19,QUAL3,COMPRA,12.049739837646484,1041.7048779607405,12564.837604638844,12.564837604638845,0.0
2014-04-03,QUAL3,VENDA,14.250020980834961,1041.7048779607405,14844.316366778676,14.844316366778676,14829.472050411898
2015-02-09,QUAL3,COMPRA,13.561290740966797,1192.4550939369808,16187.417642068338,16.18741764206834,0.0
2017-05-15,QUAL3,VENDA,20.53453254699707,1192.4550939369808,24486.50793728138,24.48650793728138,24462.0214293441
2018-04-03,QUAL3,COMPRA,17.767948150634766,1472.8676353141443,26196.03180881857,26.19603180881857,0.0
2019-10-17,QUAL3,VENDA,29.66961097717285,1472.8676353141443,43699.40976063916,43.699409760639156,43655.71035087852
2020-03-17,QUAL3,COMPRA,20.48846435546875,2166.6307554129553,44435.372376116786,44.43537237611679,0.0
2020-04-01,QUAL3,VENDA,19.671382904052734,2166.6307554129553,42620.62320142527,42.62062320142527,42578.002578223844
2021-08-13,QUAL3,COMPRA,18.127120971679688,2429.2542833336665,44079.46573069111,44.07946573069111,0.0
2013-11-18,MBRF3,COMPRA,2.570242166519165,4771.212506606444,12275.447016920401,12.2754470169204,0.0
2014-07-17,MBRF3,VENDA,4.026712894439697,4771.212506606444,19212.302922464114,19.212302922464115,19193.09061954165
2017-07-03,MBRF3,COMPRA,4.161344528198242,6568.872669007566,27362.705042648267,27.36270504264827,0.0
2018-10-02,MBRF3,VENDA,3.2311618328094482,6568.872669007566,21225.090652682382,21.225090652682383,21203.8655620297
2021-10-01,MBRF3,COMPRA,17.002180099487305,1408.670826056096,23974.449535034335,23.974449535034335,0.0
2013-03-08,ECOR3,COMPRA,10.343040466308594,1123.291013404359,11629.874281363438,11.629874281363438,0.0
2016-10-03,ECOR3,VENDA,6.828798294067383,1123.291013404359,7670.727756076909,7.670727756076909,7663.057028320832
2018-09-27,ECOR3,COMPRA,5.941018581390381,1528.7879687485804,9091.649378720094,9.091649378720094,0.0
2020-01-02,ECOR3,VENDA,14.255210876464844,1528.7879687485804,21793.19487991336,21.79319487991336,21771.40168503345
2021-10-01,ECOR3,COMPRA,8.048842430114746,2845.687904445081,22927.420969131017,22.927420969131017,0.0
2013-06-24,EGIE3,COMPRA,8.18441390991211,1448.6657892060757,11868.348784776786,11.868348784776787,0.0
2019-01-15,EGIE3,VENDA,17.779050827026367,1448.6657892060757,25755.902697669084,25.755902697669086,25730.146794971413
2021-05-13,EGIE3,COMPRA,20.791643142700195,1351.8205799427087,28134.705796923747,28.134705796923747,0.0
2013-07-03,RIAA3,COMPRA,5.397608757019043,2201.1594247638695,11892.890276977438,11.892890276977438,0.0
2022-04-06,TIMS3,COMPRA,9.646553039550781,2483.232243491947,23978.61015652427,23.978610156524272,0.0
2023-11-09,TIMS3,VENDA,13.648451805114746,2483.232243491947,33892.275596206804,33.89227559620681,33858.3833206106
2013-01-04,EMBJ3,COMPRA,13.150988578796387,873.6120649250086,11500.362650778294,11.500362650778294,0.0
2013-05-21,EMBJ3,VENDA,17.86678695678711,873.6120649250086,15608.640646893997,15.608640646893997,15593.032006247102
2013-10-01,EMBJ3,COMPRA,17.18892478942871,932.7813092591069,16049.5573271668,16.0495573271668,0.0
2024-08-01,EMBJ3,VENDA,41.3884391784668,932.7813092591069,38606.362485081176,38.60636248508118,38567.756122596096
2013-06-25,PSSA3,COMPRA,5.353002548217773,2215.5752123780594,11871.851609237125,11.871851609237124,0.0
2014-03-06,PSSA3,VENDA,8.146039962768555,2215.5752123780594,18048.164220551098,18.048164220551097,18030.116056330546
2014-10-01,PSSA3,COMPRA,7.492441654205322,2547.746445404696,19107.949541445134,19.107949541445134,0.0
2015-05-05,PSSA3,VENDA,10.482804298400879,2547.746445404696,26707.527389123905,26.707527389123907,26680.81986173478
2015-09-28,PSSA3,COMPRA,8.34797477722168,3361.9297015735247,28093.397749277472,28.09339774927747,0.0
2018-03-13,PSSA3,VENDA,14.863292694091797,3361.9297015735247,49969.34517144798,49.96934517144798,49919.37582627653
2020-04-02,PSSA3,COMPRA,15.849242210388184,3532.5087462933966,56043.630360679424,56.04363036067942,0.0
2025-06-02,PSSA3,VENDA,48.343746185302734,3532.5087462933966,170774.70622816993,170.77470622816995,170603.93152194176
2016-01-26,VULC3,COMPRA,0.9026632308959961,17289.88647445076,15622.567354206913,15.622567354206913,0.0
2016-07-04,VULC3,VENDA,0.8042958974838257,17289.88647445076,13906.184759361831,13.906184759361832,13892.27857460247
2018-01-03,VULC3,COMPRA,5.641645908355713,2883.4273486610905,16283.55966327808,16.28355966327808,0.0
2018-04-03,VULC3,VENDA,5.525918006896973,2883.4273486610905,15933.583107545515,15.933583107545516,15917.64952443797
2020-02-27,VULC3,COMPRA,4.548034191131592,3896.7125179676573,17740.121886613997,17.740121886614,0.0
2022-09-01,VULC3,VENDA,8.782279014587402,3896.7125179676573,34222.01657242739,34.22201657242739,34187.79455585496
2022-12-15,VULC3,COMPRA,7.204550743103027,4914.576808426316,35442.76075794266,35.442760757942665,0.0
2023-08-01,VULC3,VENDA,12.412841796875,4914.576808426316,61003.86442158672,61.00386442158672,60942.86055716513
2024-05-23,VULC3,COMPRA,11.303621292114258,5887.5837356138945,66617.63450749831,66.61763450749831,0.0
2025-05-16,VULC3,VENDA,16.727399826049805,5887.5837356138945,98483.96715496152,98.48396715496152,98385.48318780656
2026-01-19,VULC3,COMPRA,17.899999618530273,6029.053937743395,108028.0912769822,108.02809127698221,0.0
2013-01-04,POSI3,COMPRA,3.444969892501831,3334.9674007699355,11500.362650778294,11.500362650778294,0.0
2019-11-14,POSI3,VENDA,3.7616448402404785,3334.9674007699355,12544.962915476428,12.544962915476429,12532.41795256095
2020-03-19,POSI3,COMPRA,1.8736709356307983,6776.478438773838,12709.600296956265,12.709600296956266,0.0
2021-04-07,POSI3,VENDA,6.108463764190674,6776.478438773838,41393.87299206938,41.39387299206938,41352.47911907731
2023-05-03,POSI3,COMPRA,5.811257839202881,8644.74357103258,50287.120966027825,50.28712096602783,0.0
2024-07-02,SMFT3,COMPRA,19.440706253051758,1604.9111514853462,31231.838096370037,31.231838096370037,0.0
2022-04-04,CURY3,COMPRA,5.2161478996276855,4588.384132236943,23957.647901954686,23.957647901954687,0.0
2024-09-16,CURY3,VENDA,20.835071563720703,4588.384132236943,95599.31175699722,95.59931175699722,95503.71244524022
2025-01-02,CURY3,COMPRA,14.414657592773438,6820.062728539917,98407.27626940845,98.40727626940846,0.0
2025-05-07,CURY3,VENDA,24.99186897277832,6820.062728539917,170446.1140977986,170.44611409779858,170275.66798370078
2026-07-30,CURY3,COMPRA,29.809436798095703,6753.244939375902,201511.9401425281,201.5119401425281,0.0
2024-12-19,INBR32,COMPRA,24.102405548095703,1358.7252994539133,32781.32952542142,32.78132952542142,0.0
2025-09-24,INBR32,VENDA,48.70002365112305,1358.7252994539133,66169.95421878483,66.16995421878482,66103.78426456604
2026-05-08,INBR32,COMPRA,31.75,2260.8999177531805,71855.42781647996,71.85542781647996,0.0
2013-01-04,ISAE4,COMPRA,3.299884080886841,3481.5957186713945,11500.362650778294,11.500362650778294,0.0
2016-10-24,ISAE4,VENDA,7.868419647216797,3481.5957186713945,27394.656156459885,27.394656156459884,27367.261500303426
2017-01-03,ISAE4,COMPRA,7.174370765686035,3905.5105220385603,28047.628142535188,28.04762814253519,0.0
2013-01-04,CPLE3,COMPRA,1.0402827262878418,11043.980638921612,11500.362650778294,11.500362650778294,0.0
2019-08-09,CPLE3,VENDA,3.2472286224365234,11043.980638921612,35862.33003634106,35.86233003634106,35826.46770630472
2021-10-04,VIVA3,COMPRA,25.513938903808594,899.3799350468266,22969.69440850458,22.96969440850458,0.0
2020-03-13,BPAC11,COMPRA,8.912431716918945,2464.2557208685444,21984.495340608384,21.984495340608383,0.0
2020-06-23,BPAC11,VENDA,16.83363151550293,2464.2557208685444,41482.372765071115,41.48237276507112,41440.89039230604
2021-10-26,BPAC11,COMPRA,19.66937255859375,2187.87735214894,43077.25200393105,43.07725200393105,0.0
2022-10-04,ASAI3,COMPRA,17.418060302734375,1461.1262014005242,25475.45974564519,25.47545974564519,0.0
2014-03-05,HYPE3,COMPRA,9.6897554397583,1299.4939658594383,12604.383107727308,12.604383107727308,0.0
2016-03-03,HYPE3,VENDA,17.589599609375,1299.4939658594383,22857.578554266343,22.857578554266343,22834.720975712076
2021-10-22,HYPE3,COMPRA,22.863712310791016,1452.3123951739165,33238.49127993219,33.23849127993219,0.0
2022-10-20,HYPE3,VENDA,40.9713134765625,1452.3123951739165,59503.146408567845,59.503146408567844,59443.643262159276
2023-10-16,HYPE3,COMPRA,30.12312889099121,2231.001072420183,67272.0048653181,67.2720048653181,0.0
2013-01-17,MYPK3,COMPRA,16.595502853393555,693.9447765053332,11527.890409000809,11.52789040900081,0.0
2016-01-05,CVCB3,COMPRA,9.559270858764648,1620.6998749789695,15508.217302992965,15.508217302992966,0.0
2017-05-17,CVCB3,VENDA,26.171375274658203,1620.6998749789695,42415.944635666245,42.41594463566624,42373.52869103058
2019-05-20,CVCB3,COMPRA,38.60977554321289,1255.8462049616655,48536.476566932564,48.53647656693256,0.0
2020-10-01,CVCB3,VENDA,13.761024475097656,1255.8462049616655,17281.73036343599,17.28173036343599,17264.448633072552
2022-01-03,CVCB3,COMPRA,11.72657585144043,1541.7219889448065,18097.217062257132,18.097217062257133,0.0
2013-07-03,YDUQ3,COMPRA,10.02544116973877,1185.0847444561925,11892.890276977438,11.892890276977438,0.0
2022-07-04,RDOR3,COMPRA,24.493234634399414,1005.7156640358281,24657.887622342692,24.65788762234269,0.0
2022-10-04,JALL3,COMPRA,6.880947113037109,3698.616464829424,25475.45974564519,25.47545974564519,0.0
2015-07-02,SBSP3,COMPRA,2.4591879844665527,5904.969186865182,14535.965238222308,14.535965238222309,0.0
2016-07-25,SBSP3,VENDA,4.708493709564209,5904.969186865182,27803.51027152519,27.80351027152519,27775.706761253663
2018-05-14,SBSP3,COMPRA,4.483892917633057,7359.28789059176,33031.290141588695,33.0312901415887,0.0
2019-04-30,SBSP3,VENDA,7.7144904136657715,7359.28789059176,56773.15588337673,56.77315588337673,56716.38272749335
2020-03-19,SBSP3,COMPRA,6.055054664611816,9796.526144760748,59377.87920903422,59.37787920903422,0.0
2020-06-23,SBSP3,VENDA,9.960705757141113,9796.526144760748,97580.31437010181,97.58031437010182,97482.73405573171
2021-01-21,SBSP3,COMPRA,6.831653118133545,14413.491211426044,98566.53871644563,98.56653871644563,0.0
2024-02-07,SBSP3,VENDA,14.451684951782227,14413.491211426044,208299.23404281115,208.29923404281115,208090.93480876833
2013-07-02,MOTV3,COMPRA,9.954466819763184,1193.1821240461334,11889.38124499679,11.889381244996791,0.0
2013-01-04,BRSR6,COMPRA,6.157490253448486,1865.8352372857119,11500.362650778294,11.500362650778294,0.0
2013-02-08,CYRE3,COMPRA,9.504310607910156,1216.5507319213098,11574.050076537105,11.574050076537105,0.0
2019-07-05,CYRE3,VENDA,15.108748435974121,1216.5507319213098,18380.55896819926,18.38055896819926,18362.178409231063
2020-03-19,CYRE3,COMPRA,10.4180326461792,1822.6457525044932,19007.390342354018,19.007390342354018,0.0
2020-07-06,CYRE3,VENDA,18.14297103881836,1822.6457525044932,33068.20910171432,33.06820910171432,33035.1408926126
2021-09-30,CYRE3,COMPRA,14.152763366699219,2412.3524483683855,34175.62898782308,34.17562898782308,0.0
2013-04-02,BHIA3,COMPRA,122.6758804321289,95.11426520308729,11679.906131575312,11.679906131575311,0.0
2013-12-09,BHIA3,VENDA,199.95806884765625,95.11426520308729,19018.86478987316,19.018864789873163,18999.84592508329
2014-02-21,BHIA3,COMPRA,134.70858764648438,143.60630025467083,19364.366250694373,19.364366250694374,0.0
2017-10-03,BHIA3,VENDA,178.258544921875,143.60630025467083,25599.05012501151,25.59905012501151,25573.451074886496
2018-09-12,BHIA3,COMPRA,98.86644744873047,274.3983388286969,27155.94489071702,27.15594489071702,0.0
2019-08-02,BHIA3,VENDA,179.14076232910156,274.3983388286969,49155.927599611874,49.15592759961188,49106.77167201226
2020-12-22,BHIA3,COMPRA,348.6573486328125,147.57062237483103,51503.0850183209,51.503085018320895,0.0
2026-01-02,BHIA3,VENDA,3.0999999046325684,147.57062237483103,457.46891528854496,0.457468915288545,457.01144637325643
2022-07-04,GMAT3,COMPRA,3.2117152214050293,7669.805084382309,24657.887622342692,24.65788762234269,0.0
2013-04-03,TAEE11,COMPRA,5.729113578796387,2037.202358492167,11683.046741535032,11.683046741535032,0.0
2021-05-04,TAEE11,VENDA,24.426746368408203,2037.202358492167,49762.22531201116,49.76222531201117,49712.46308669915
2022-01-07,TAEE11,COMPRA,23.510988235473633,2192.020572734501,51588.15805553256,51.58815805553257,0.0
2014-02-18,EQTL3,COMPRA,2.895145893096924,4333.9422453919915,12559.955047713596,12.559955047713597,0.0
2014-10-08,EQTL3,VENDA,3.886913299560547,4333.9422453919915,16845.65775314143,16.84565775314143,16828.81209538829
2020-10-05,EQTL3,COMPRA,18.66107749938965,1500.5995324659552,28030.835005900964,28.030835005900965,0.0
2016-09-08,KLBN11,COMPRA,9.710916519165039,1744.1773772766724,16954.51542077076,16.95451542077076,0.0
2020-01-15,KLBN11,VENDA,13.710709571838379,1744.1773772766724,23913.90946161123,23.91390946161123,23889.99555214962
2020-03-17,KLBN11,COMPRA,9.482206344604492,2534.4129146225105,24055.882100982115,24.055882100982114,0.0
2020-05-12,KLBN11,VENDA,14.342833518981934,2534.4129146225105,36350.662502788444,36.350662502788445,36314.311840285656
2022-07-01,KLBN11,COMPRA,14.019206047058105,2885.107479812519,40487.403631031266,40.48740363103126,0.0
2013-02-21,GFSA3,COMPRA,3065.93115234375,3.7783155782553495,11595.65108584461,11.595651085844612,0.0
2018-07-20,GFSA3,VENDA,1377.7537841796875,3.7783155782553495,5205.588585766372,5.205588585766372,5200.382997180605
2020-03-10,GFSA3,COMPRA,710.5084838867188,8.010573522506714,5697.277726265604,5.697277726265604,0.0
2014-02-18,GRND3,COMPRA,1.705552101135254,7356.79378209206,12559.955047713596,12.559955047713597,0.0
2019-12-16,GRND3,VENDA,5.559600353240967,7356.79378209206,40900.833309639966,40.900833309639964,40859.93247633032
2020-03-10,GRND3,COMPRA,4.334680080413818,9503.787182756403,41237.11410369004,41.23711410369004,0.0
2023-04-04,TTEN3,COMPRA,11.941554069519043,2269.7098466814787,27130.993850116774,27.130993850116774,0.0
2023-08-18,PLPL3,COMPRA,8.548737525939941,3324.8056788090457,28451.342415308416,28.451342415308417,0.0
2013-06-04,AMAR3,COMPRA,116.2808837890625,101.5437604254268,11819.417623156614,11.819417623156614,0.0
2024-04-23,AMAR3,VENDA,1.6299999952316284,101.5437604254268,165.5163290092473,0.16551632900924731,165.35081268023805
2013-01-04,ROMI3,COMPRA,1.4580461978912354,7879.628440267391,11500.362650778294,11.500362650778294,0.0
2018-01-04,ROMI3,VENDA,2.69686222076416,7879.628440267391,21250.27225421595,21.25027225421595,21229.021981961734
2024-04-26,ROMI3,COMPRA,8.442290306091309,3974.309549655767,33585.86084531031,33.58586084531031,0.0
2013-06-20,BBDC3,COMPRA,5.865328311920166,2020.2594398320325,11861.346236106901,11.861346236106902,0.0
2013-09-19,BBDC3,VENDA,6.912712574005127,2020.2594398320325,13965.472832479445,13.965472832479445,13951.507359646967
2014-01-10,BBDC3,COMPRA,5.864194393157959,2440.9744908927246,14328.677600935654,14.328677600935654,0.0
2014-08-28,BBDC3,VENDA,7.938648223876953,2440.9744908927246,19378.037806654476,19.378037806654476,19358.65976884782
2014-10-02,BBDC3,COMPRA,6.848681926727295,2852.7134584529927,19556.883989027756,19.556883989027757,0.0
2019-01-29,BBDC3,VENDA,14.779056549072266,2852.7134584529927,42160.413520776296,42.160413520776295,42118.25310725552
2019-08-26,BBDC3,COMPRA,13.022029876708984,3345.794249495773,43612.64532357865,43.61264532357865,0.0
2013-01-04,SANB11,COMPRA,5.652071475982666,2032.6817056272396,11500.362650778294,11.500362650778294,0.0
2016-05-11,SANB11,VENDA,9.731974601745605,2032.6817056272396,19782.006732597234,19.782006732597235,19762.22472586464
2020-03-13,SANB11,COMPRA,18.983720779418945,1409.2376718996952,26779.35382901123,26.77935382901123,0.0
