ticker,entrada,saida,retorno,aberta,dias
ABEV3,2016-07-04,2018-02-02,0.22348418727585995,False,578
ABEV3,2018-05-30,2026-10-01,0.12086562330208639,True,3046
AMAR3,2013-06-04,2024-04-23,-0.986010240271375,False,3976
ASAI3,2022-10-04,2026-10-01,-0.35992644107366556,True,1458
AURE3,2023-10-04,2026-10-01,0.11829426315791158,True,1093
AXIA3,2013-04-16,2016-06-23,1.8122724027630466,False,1164
AXIA3,2020-03-20,2021-06-22,2.1358833250709797,False,459
AZZA3,2013-06-05,2018-01-05,0.9451122044395965,False,1675
AZZA3,2018-06-19,2019-11-25,0.59755995408147,False,524
AZZA3,2020-03-17,2020-11-10,0.5746094588864277,False,238
AZZA3,2021-04-01,2026-10-01,-0.6791264509540333,True,2009
B3SA3,2013-06-13,2016-07-19,0.7889774098912463,False,1132
BBAS3,2013-01-04,2014-09-03,0.6317768530535746,False,607
BBAS3,2014-09-30,2018-03-07,1.0764788001694048,False,1254
BBAS3,2018-05-04,2019-01-15,0.470625407120947,False,256
BBAS3,2020-03-12,2026-10-01,1.305891725583177,True,2394
BBDC3,2013-06-20,2013-09-19,0.17621618001314587,False,91
BBDC3,2014-01-10,2014-08-28,0.35104301373796787,False,230
BBDC3,2014-10-02,2019-01-29,1.1536280079631118,False,1580
BBDC3,2019-08-26,2026-10-01,0.2504731898172248,True,2593
BBDC4,2013-04-03,2014-09-03,0.2751405802304616,False,518
BBDC4,2014-10-01,2019-01-10,1.4095363706214554,False,1562
BBDC4,2020-02-17,2026-10-01,0.16350087597884833,True,2418
BBSE3,2015-10-02,2019-10-01,0.711782798227997,False,1460
BBSE3,2020-01-02,2020-04-23,-0.2506077423717783,False,112
BBSE3,2021-03-10,2026-10-01,1.7117590089105206,True,2031
BEEF3,2021-01-06,2021-10-06,0.1905759667086977,False,273
BEEF3,2024-01-19,2024-04-02,0.01124876065600433,False,74
BEEF3,2024-10-01,2025-04-01,0.010417907944944016,False,182
BEEF3,2025-10-01,2026-10-01,-0.40452137162380564,True,365
BHIA3,2013-04-02,2013-12-09,0.6267122107873233,False,251
BHIA3,2014-02-21,2017-10-03,0.32064487646062134,False,1320
BHIA3,2018-09-12,2019-08-02,0.8083249126344674,False,324
BHIA3,2020-12-22,2026-01-02,-0.9911265228828392,False,1837
BPAC11,2020-03-13,2020-06-23,0.8850053071611348,False,102
BPAC11,2021-10-26,2026-10-01,2.235298969126149,True,1801
BRAV3,2022-07-04,2026-10-01,-0.4823761296967912,True,1550
BRSR6,2013-01-04,2026-10-01,1.4741817482322146,True,5018
CEAB3,2022-01-04,2025-06-30,2.724051818769773,False,1273
CEAB3,2026-01-06,2026-10-01,-0.07202332139708922,True,268
CMIG4,2013-01-04,2026-10-01,4.913944418187858,True,5018
CMIN3,2022-10-04,2026-07-29,1.6662550092207669,False,1394
COGN3,2016-12-13,2017-08-25,0.39257894642479996,False,255
COGN3,2018-02-09,2026-10-01,-0.8078853170584951,True,3156
CPLE3,2013-01-04,2019-08-09,2.1152467790987566,False,2408
CSAN3,2014-01-07,2016-10-06,0.34518101715931815,False,1003
CSAN3,2017-06-19,2018-01-29,0.4564817584209997,False,224
CSAN3,2018-07-03,2019-01-28,0.2324914848507036,False,209
CSAN3,2022-10-11,2026-04-01,-0.6320365460453444,False,1268
CSNA3,2013-01-04,2016-04-13,0.28645127818765315,False,1195
CSNA3,2016-11-16,2020-07-07,0.11518546553442244,False,1329
CSNA3,2021-10-01,2026-10-01,-0.695740344457374,True,1826
CURY3,2022-04-04,2024-09-16,2.986355957650089,False,896
CURY3,2025-01-02,2025-05-07,0.7303158306865345,False,125
CURY3,2026-07-30,2026-10-01,-0.08275251815086693,True,63
CVCB3,2016-01-05,2017-05-17,1.7323275050352058,False,498
CVCB3,2019-05-20,2020-10-01,-0.6442995072115586,False,500
CVCB3,2022-01-03,2026-10-01,-0.8773247983565011,True,1732
CXSE3,2023-01-04,2024-01-18,0.8443058684010689,False,379
CXSE3,2025-07-23,2026-04-09,0.5068901581532979,False,260
CYRE3,2013-02-08,2019-07-05,0.5864955039770252,False,2338
CYRE3,2020-03-19,2020-07-06,0.7380155980171912,False,109
CYRE3,2021-09-30,2026-10-01,0.9234936170878003,True,1827
DIRR3,2013-06-25,2020-01-16,0.9280213510575712,False,2396
DIRR3,2020-03-23,2020-07-07,1.005668253588289,False,106
DIRR3,2022-06-14,2023-06-07,1.2586144945338678,False,358
ECOR3,2013-03-08,2016-10-03,-0.3410885756004538,False,1305
ECOR3,2018-09-27,2020-01-02,1.3946591842830598,False,462
ECOR3,2021-10-01,2026-10-01,0.1505667476675756,True,1826
EGIE3,2013-06-24,2019-01-15,1.167963485196423,False,2031
EGIE3,2021-05-13,2026-10-01,0.4179009338664681,True,1967
EMBJ3,2013-01-04,2013-05-21,0.35587306937593266,False,137
EMBJ3,2013-10-01,2024-08-01,1.4030417373140343,False,3957
ENEV3,2013-05-28,2016-04-01,-0.9727098349600379,False,1039
ENEV3,2022-11-29,2026-10-01,1.2979460113919883,True,1402
EQTL3,2014-02-18,2014-10-08,0.3398783699032262,False,232
EQTL3,2020-10-05,2026-10-01,1.1895360289720363,True,2187
EZTC3,2013-07-03,2019-08-08,1.6982736774678835,False,2227
EZTC3,2020-03-19,2026-10-01,-0.19044615046245383,True,2387
GFSA3,2013-02-21,2018-07-20,-0.5515229840324385,False,1975
GFSA3,2020-03-10,2026-10-01,-0.999662551538682,True,2396
GGBR4,2013-01-04,2021-01-07,0.7686017630294937,False,2925
GGBR4,2022-06-20,2026-10-01,0.7620398487322422,True,1564
GMAT3,2022-07-04,2026-10-01,0.5676856803289458,True,1550
GOAU4,2013-01-04,2021-04-09,-0.33513993083426885,False,3017
GOAU4,2022-06-23,2026-10-01,1.189603160708486,True,1561
GRND3,2014-02-18,2019-12-16,2.2531909804699843,False,2127
GRND3,2020-03-10,2026-10-01,-0.10578865281415739,True,2396
HYPE3,2014-03-05,2016-03-03,0.8116492319019488,False,729
HYPE3,2021-10-22,2022-10-20,0.7883977573328818,False,363
HYPE3,2023-10-16,2026-10-01,-0.1811836471974163,True,1081
INBR32,2024-12-19,2025-09-24,1.016507116140716,False,279
INBR32,2026-05-08,2026-10-01,-0.13535371519073724,True,146
IRBR3,2020-03-05,2026-10-01,-0.8249503700541563,True,2401
ISAE4,2013-01-04,2016-10-24,1.3796868265237991,False,1389
ISAE4,2017-01-03,2026-10-01,2.8543199407992135,True,3558
ITSA4,2013-02-05,2014-09-03,0.4428531224884906,False,575
ITSA4,2014-10-01,2018-01-29,1.1367457021107894,False,1216
ITSA4,2018-06-08,2019-02-05,0.45245749340929087,False,242
ITSA4,2019-05-14,2019-07-08,0.17789548958007462,False,55
ITSA4,2020-03-13,2026-10-01,1.8611791587017703,True,2393
ITUB4,2013-12-04,2014-08-21,0.3760349257922626,False,260
ITUB4,2014-10-02,2018-01-26,1.1728690202506242,False,1212
ITUB4,2018-06-08,2018-10-09,0.2306902657923544,False,123
ITUB4,2020-03-10,2026-10-01,1.4885239873818419,True,2396
JALL3,2022-10-04,2026-10-01,-0.6443004128023688,True,1458
JHSF3,2013-05-16,2026-10-01,1.9327880443888792,True,4886
KLBN11,2016-09-08,2020-01-15,0.409063895915438,False,1224
KLBN11,2020-03-17,2020-05-12,0.5095813858683267,False,56
KLBN11,2022-07-01,2026-10-01,0.28124370826715817,True,1553
LREN3,2013-04-03,2017-09-05,1.603357505232884,False,1616
LREN3,2018-05-18,2019-01-02,0.4536926655602316,False,229
LREN3,2020-03-17,2026-10-01,-0.5392993499235539,True,2389
MBRF3,2013-11-18,2014-07-17,0.5635349648029935,False,241
MBRF3,2017-07-03,2018-10-02,-0.22508152870921316,False,456
MBRF3,2021-10-01,2026-10-01,-0.007003835971550076,True,1826
MGLU3,2013-07-03,2017-02-07,2.6953169457042248,False,1315
MGLU3,2021-11-17,2026-10-01,-0.9047761053251236,True,1779
MOTV3,2013-07-02,2026-10-01,0.7110860427006476,True,4839
MOVI3,2020-03-13,2020-10-21,0.3830407612424147,False,222
MOVI3,2021-10-25,2026-10-01,-0.1923664797842144,True,1802
MRVE3,2013-01-04,2019-06-21,1.5650276460711403,False,2359
MRVE3,2020-03-19,2020-07-13,0.9568647751336372,False,116
MRVE3,2021-08-04,2026-10-01,-0.5910707932311867,True,1884
MYPK3,2013-01-17,2026-10-01,-0.44859520507427864,True,5005
NATU3,2013-04-02,2020-10-02,0.12335100201021576,False,2740
NATU3,2022-07-04,2026-10-01,-0.4792857229080353,True,1550
PCAR3,2020-02-14,2021-03-02,1.0832368709658424,False,382
PCAR3,2022-06-02,2025-04-15,-0.8191245758001731,False,1048
PCAR3,2026-03-19,2026-07-01,0.13139716510345112,False,104
PETR4,2013-01-04,2018-03-06,0.18849318987346608,False,1887
PETR4,2020-03-10,2020-11-24,0.49021142816205976,False,259
PETR4,2022-07-01,2024-02-19,1.5529483675294071,False,598
PETR4,2026-01-07,2026-03-30,0.6617736079307672,False,82
PLPL3,2023-08-18,2026-10-01,-0.19834477165944087,True,1140
POMO4,2013-10-25,2026-10-01,0.8129836362877765,True,4724
POSI3,2013-01-04,2019-11-14,0.08974110931300161,False,2505
POSI3,2020-03-19,2021-04-07,2.253641196645699,False,384
POSI3,2023-05-03,2026-10-01,-0.3690987084612727,True,1247
PRIO3,2013-01-04,2019-02-25,-0.4737478375863353,False,2243
PRIO3,2025-02-24,2026-10-01,0.671618291603439,True,584
PSSA3,2013-06-25,2014-03-06,0.5187282194718357,False,254
PSSA3,2014-10-01,2015-05-05,0.39632040601028873,False,216
PSSA3,2015-09-28,2018-03-13,0.7769077372479944,False,897
PSSA3,2020-04-02,2025-06-02,2.044127056437775,False,1887
QUAL3,2014-02-19,2014-04-03,0.18023587069179214,False,43
QUAL3,2015-02-09,2017-05-15,0.5111750354652911,False,826
QUAL3,2018-04-03,2019-10-17,0.6665008910312273,False,562
QUAL3,2020-03-17,2020-04-01,-0.04179935260070522,False,15
QUAL3,2021-08-13,2026-10-01,-0.9096183013138806,True,1875
RADL3,2013-01-04,2015-04-28,0.417265515167778,False,844
RADL3,2024-12-17,2026-10-01,-0.1726538416029345,True,653
RAIZ4,2023-07-04,2026-04-01,-0.8739143367885587,False,1002
RDOR3,2022-07-04,2026-10-01,0.5682514512897201,True,1550
RENT3,2013-04-02,2018-02-01,1.64776238674383,False,1766
RENT3,2020-03-13,2020-09-24,0.6176321300602763,False,195
RENT3,2021-10-22,2026-10-01,0.005063352430865642,True,1805
RIAA3,2013-07-03,2026-10-01,0.3585016036777253,True,4838
ROMI3,2013-01-04,2018-01-04,0.8459436999167194,False,1826
ROMI3,2024-04-26,2026-10-01,-0.28763643953272244,True,888
SANB11,2013-01-04,2016-05-11,0.7184001344972559,False,1223
SANB11,2020-03-13,2026-10-01,0.4682105759335162,True,2393
SAPR11,2020-03-19,2026-10-01,0.9783337549407114,True,2387
SBSP3,2015-07-02,2016-07-25,0.9108264436555933,False,389
SBSP3,2018-05-14,2019-04-30,0.7170501813395256,False,351
SBSP3,2020-03-19,2020-06-23,0.6417348573961854,False,96
SBSP3,2021-01-21,2024-02-07,1.1111721839741215,False,1112
SIMH3,2022-04-04,2026-10-01,-0.5410495178464619,True,1641
SMFT3,2024-07-02,2026-10-01,-0.11717094628820779,True,821
SUZB3,2019-07-03,2020-07-01,0.18800485366326813,False,364
SUZB3,2021-06-18,2026-10-01,-0.13169834730031493,True,1931
TAEE11,2013-04-03,2021-05-04,3.2550940851724643,False,2953
TAEE11,2022-01-07,2026-10-01,0.7778138346975048,True,1728
TIMS3,2022-04-06,2023-11-09,0.4120244292556785,False,582
TTEN3,2023-04-04,2026-10-01,-0.12828933188953806,True,1276
USIM5,2013-01-24,2017-10-16,-0.02400344629647555,False,1726
USIM5,2020-03-13,2020-11-25,1.0640241550831084,False,257
USIM5,2022-04-27,2026-10-01,-0.3138369728362588,True,1618
VALE3,2013-07-03,2018-05-07,1.1230836370749802,False,1769
VALE3,2020-03-10,2020-11-26,0.7766422326701827,False,261
VALE3,2023-08-15,2026-10-01,0.5016204987078197,True,1143
VAMO3,2022-10-04,2026-10-01,-0.6500608061289257,True,1458
VBBR3,2020-07-02,2026-10-01,1.7730409578603727,True,2282
VIVA3,2021-10-04,2026-10-01,-0.07319954925941097,True,1823
VULC3,2016-01-26,2016-07-04,-0.11075572537944622,False,160
VULC3,2018-01-03,2018-04-03,-0.02247113938270473,False,90
VULC3,2020-02-27,2022-09-01,0.9271454150296303,False,917
VULC3,2022-12-15,2023-08-01,0.7194727288141045,False,229
VULC3,2024-05-23,2025-05-16,0.47686845855705884,False,358
VULC3,2026-01-19,2026-10-01,-0.24154131610255136,True,255
WEGE3,2015-10-30,2017-09-06,0.5504234607179972,False,677
WEGE3,2025-07-25,2026-10-01,0.43856237843750057,True,433
YDUQ3,2013-07-03,2026-10-01,0.09710785215645057,True,4838
