min_trimestres,k_compra,gatilho_venda,k_venda,custo,caixa_rende_cdi,retorno_total,cagr,vol_anual,sharpe,sortino,max_drawdown,dif_cagr_vs_ew,ativos_que_batem_bh,n_ativos,mediana_dif_cagr,n_trades,pct_tempo_exposto,sharpe_diario
8,0.0,maximo,0.0,0.0,True,3.2181867780177065,0.11043353348179141,0.1286287550959514,0.1543464890571317,0.15220126062281214,-0.21043838987350372,0.0015311914999378562,48,87,0.010439811479054928,257,0.6228490385522362,0.009722914899550539
8,0.0,maximo,0.0,0.001,True,3.203623455660522,0.11015408845470342,0.12858747033471787,0.1523673587628863,0.15023216454378246,-0.21065785131624337,0.00133248257104146,48,87,0.010108409204244051,257,0.6228490385522362,0.009598241409770362
8,0.0,maximo,0.0,0.005,True,3.1458457279726346,0.10903651488875221,0.12842296379718912,0.1444345981195643,0.14247171926298222,-0.21153041038317089,0.0005386045523383398,47,87,0.008780925189130873,257,0.6228490385522362,0.009098524460426772
8,0.5,maximo,0.0,0.0,True,3.5290132065617907,0.11619391694650161,0.1149779105564961,0.2038822291027438,0.2025358389400773,-0.17869999891155908,0.007291574964648051,54,87,0.0154173465396783,217,0.5587345541766046,0.012843373213127516
8,0.5,maximo,0.0,0.001,True,3.5149774983678608,0.11594181964347228,0.11493891302194663,0.20191700531387116,0.20056013925361368,-0.1788709264779771,0.007120213759810312,54,87,0.015266049665301207,217,0.5587345541766046,0.012719575750843107
8,0.5,maximo,0.0,0.005,True,3.4592474441697165,0.1149336202802349,0.114783489891162,0.19403945746984813,0.1925878778207896,-0.17954970815334148,0.006435709943821033,54,87,0.014507065629532523,217,0.5587345541766046,0.012223336880931251
8,1.0,maximo,0.0,0.0,True,3.216786318831244,0.11040669999529795,0.09729300436762184,0.16740694752723304,0.16455885611869778,-0.15848155811043674,0.0015043580134443957,62,87,0.029571667957988046,166,0.46029901227580816,0.010545646450035662
8,1.0,maximo,0.0,0.001,True,3.2070565978079086,0.11022004530152851,0.09725286207593505,0.16568070706307322,0.1628436581688409,-0.15859329377101072,0.0013984394178665482,62,87,0.029480613186886995,166,0.46029901227580816,0.010436903522148436
8,1.0,maximo,0.0,0.005,True,3.1683691318517067,0.10947388422882831,0.09709245180437859,0.15876286004929255,0.15597411104312076,-0.15903835712947934,0.000975973892414439,61,87,0.029391888426641533,166,0.46029901227580816,0.010001120121994759
8,0.0,desvio,1.0,0.0,True,3.0268534416436443,0.10668865193199895,0.1181717581927639,0.12803888883924086,0.12727016603339053,-0.19559305106370184,-0.002213690049854611,47,87,0.011138196823746727,491,0.537693199121424,0.008065691857468449
8,0.0,desvio,1.0,0.001,True,2.9960667616451406,0.10607072130173822,0.11805268303467553,0.12324391847157226,0.12251526696149694,-0.1955701357387839,-0.0027508845819237404,47,87,0.010137014709911796,491,0.537693199121424,0.007763637116116661
8,0.0,desvio,1.0,0.005,True,2.8759301354097335,0.10361642000884763,0.11758366554001777,0.10407832807597205,0.10353214403899277,-0.1954800981339443,-0.00488149032756624,47,87,0.009297124338364715,491,0.537693199121424,0.006556318403819371
8,0.5,desvio,1.0,0.0,True,3.1947778216211375,0.10998391747214109,0.11066007950799235,0.15619639058076973,0.1575176760621932,-0.158618268635779,0.001081575490287534,49,87,0.016209403715717885,350,0.48151891229063076,0.009839447741967343
8,0.5,desvio,1.0,0.001,True,3.171676170742974,0.10953791718559325,0.11054296403284919,0.15255291857506112,0.15381675372176007,-0.1586165062124677,0.0007163113019312828,49,87,0.01590766603246041,350,0.48151891229063076,0.009609930579207088
8,0.5,desvio,1.0,0.005,True,3.080857806941302,0.10776208763193074,0.11007891046810407,0.1379547427523359,0.13900106994890202,-0.15860498348467544,-0.0007358227044831356,49,87,0.014699006427785655,350,0.48151891229063076,0.008690331940585024
8,1.0,desvio,1.0,0.0,True,2.9176095807064657,0.10447579266492468,0.08909169226893178,0.1131503263736454,0.11320676693856999,-0.12717959514207078,-0.004426549316928874,59,87,0.03140465982317142,227,0.3914884585843069,0.007127800579772826
8,1.0,desvio,1.0,0.001,True,2.9039235318845216,0.10419454393822214,0.08900382589766238,0.11026858763956895,0.11030276979220549,-0.12725433951013188,-0.004627061945439825,59,87,0.031240960561009556,227,0.3914884585843069,0.0069462681027769105
8,1.0,desvio,1.0,0.005,True,2.849812350763511,0.103073529686317,0.08865438875416252,0.09871898258222989,0.09873421983385489,-0.12755019234910614,-0.005424380650096872,59,87,0.03058499450826746,227,0.3914884585843069,0.006218711371283266
8,0.0,desvio,2.0,0.0,True,3.458946001536389,0.11492813525342571,0.1219562541031662,0.18955235493505057,0.18711304476790605,-0.20429139334657231,0.006025793271572155,52,87,0.014641417695079983,315,0.5898653838379755,0.011940675990114063
8,0.0,desvio,2.0,0.001,True,3.4379432938622214,0.11454512253116023,0.12190108094526263,0.18672087695315728,0.18429219509101957,-0.2045181795232257,0.005723516647498261,52,87,0.014640351694142018,315,0.5898653838379755,0.011762309642903476
8,0.0,desvio,2.0,0.005,True,3.354996370970187,0.1130158614628134,0.12168181591646494,0.17537991785923832,0.17305400137205065,-0.20541903791089544,0.004517951126399522,51,87,0.014263835907161182,315,0.5898653838379755,0.011047896371678094
8,0.5,desvio,2.0,0.0,True,3.580755292344401,0.11711704821917923,0.11419840375121368,0.21181659626474467,0.21012097980539832,-0.17235329916270203,0.008214706237325675,52,87,0.019729088176676512,251,0.5307131018312649,0.01334319136363541
8,0.5,desvio,2.0,0.001,True,3.562666346589169,0.11679542732489323,0.11414034545714542,0.20930476487803923,0.2075996029584061,-0.1725082501144054,0.007973821441231266,52,87,0.019524140633713438,251,0.5307131018312649,0.013184960859241384
8,0.5,desvio,2.0,0.005,True,3.491077782751809,0.11551087662161308,0.11390942298895798,0.19923915311328097,0.19780253545384835,-0.17312137902852154,0.007012966285199207,52,87,0.018703091543873063,251,0.5307131018312649,0.012550886918210996
8,1.0,desvio,2.0,0.0,True,3.543931142232803,0.11646106715486959,0.09519838546692169,0.22696627215541038,0.2246820100463026,-0.1501683024855197,0.007558725173016034,62,87,0.03013283842563963,186,0.43417081025723947,0.014297531241014756
8,1.0,desvio,2.0,0.001,True,3.529736739782712,0.11620689278423546,0.09513594561469822,0.2246227118122386,0.2222597713033912,-0.15029392499147687,0.007385286900573496,62,87,0.029967956784079375,186,0.43417081025723947,0.014149900816002713
8,1.0,desvio,2.0,0.005,True,3.473510232649663,0.11519275270471474,0.09488694624617057,0.2152359990245887,0.21303045770932008,-0.15079116365307144,0.006694842368300868,62,87,0.02966997500759483,186,0.43417081025723947,0.013558593490657203
8,0.0,desvio,3.0,0.0,True,3.1661990721590163,0.10943184057372624,0.13781866228854417,0.14633513980799656,0.14328684780294806,-0.23529464682409396,0.0005294985918726791,45,87,0.005298681063450661,203,0.6536396221584401,0.009218247333376834
8,0.0,desvio,3.0,0.001,True,3.1560311442457847,0.10923457196309827,0.13777752355924852,0.14502717422981018,0.14199477739506222,-0.23549243394100738,0.0004129660794363055,45,87,0.005298295281206067,203,0.6536396221584401,0.009135853246631263
8,0.0,desvio,3.0,0.005,True,3.1155903648137384,0.10844552249245987,0.13761385289771688,0.1397854084644813,0.1368188010473069,-0.23627787088271524,-5.2387843954004865e-05,45,87,0.005296748562976905,203,0.6536396221584401,0.008805653040776207
8,0.5,desvio,3.0,0.0,True,3.3539016224622413,0.11299549800310404,0.1235525739538249,0.17445516057625154,0.17238528398442976,-0.20440542182986265,0.004093156021250488,50,87,0.01766742814179345,180,0.5941572004150328,0.010989642138490505
8,0.5,desvio,3.0,0.001,True,3.3439051761791596,0.1128093337981344,0.1235236751901405,0.17309209914219092,0.17102367894446838,-0.2045295979148699,0.003987727914472439,50,87,0.01740970025860422,180,0.5941572004150328,0.010903777339056519
8,0.5,desvio,3.0,0.005,True,3.304127036361929,0.11206458698714461,0.12340863932706872,0.1676303477427062,0.16552104110400528,-0.20502309170597233,0.003566676650730738,50,87,0.01637714072325336,180,0.5941572004150328,0.010559719340820907
8,1.0,desvio,3.0,0.0,True,3.5155308088793387,0.11595177148012237,0.10380570630214969,0.2119759709056816,0.20721080745023265,-0.18529970589150702,0.007049429498268811,63,87,0.025968792787329997,147,0.4944987939793292,0.013353231022330873
8,1.0,desvio,3.0,0.001,True,3.506463448222938,0.11578854328555543,0.10377150097105849,0.2105802800194922,0.20582797072900424,-0.1853745709922976,0.006966937401893469,63,87,0.02578522146973805,147,0.4944987939793292,0.013265310760617145
8,1.0,desvio,3.0,0.005,True,3.4703563813372567,0.11513551822525359,0.10363481315326495,0.20498518116346412,0.20022662752210174,-0.18567251549143549,0.006637607888839714,62,87,0.025049656907887075,147,0.4944987939793292,0.012912852662191615
8,0.0,desvio,2.0,0.001,False,1.812525854775843,0.07815774810004616,0.1329575197998133,-0.07170046475244758,-0.07085515209379659,-0.2382312983052739,-0.016947746342131698,44,87,0.0019602829439429037,315,0.5898653838379755,-0.004516704729112587
