ticker,cnpjs,denom_social,metodo_mapeamento,fator_unit,obs_mapeamento,status_vpa,erro_vpa,n_trimestres,ref_ini,ref_fim,pct_consolidado,n_outliers,n_pl_negativo,status_backtest,elegivel_desde,aud_correcao_timing_split,aud_n_acoes_ausente,aud_outlier_vpa,aud_pl_negativo,aud_quebra_estrutural,aud_reescala_split_nao_registrado,aud_salto_n_acoes_sem_split
ABEV3,07.526.557/0001-00,AMBEV S.A.,fca,1.0,,ok,,55,2012-12-31,2026-06-30,0.964,0,0,ok,2016-07-01,0,0,0,0,0,0,0
PETR4,33.000.167/0001-01,PETRÓLEO BRASILEIRO S.A. - PETROBRAS,fca,1.0,,ok,,63,2010-12-31,2026-06-30,1.0,2,0,ok,2013-01-03,0,0,2,0,0,0,0
VALE3,33.592.510/0001-54,VALE S.A.,fca,1.0,,ok,,63,2010-12-31,2026-06-30,1.0,1,0,ok,2013-07-02,0,0,1,0,0,0,0
BBAS3,00.000.000/0001-91,BANCO DO BRASIL S.A.,fca,1.0,,ok,,63,2010-12-31,2026-06-30,0.476,0,0,ok,2013-01-03,0,0,0,0,0,2,2
BBDC4,60.746.948/0001-12,BANCO BRADESCO S.A.,fca,1.0,,ok,,63,2010-12-31,2026-06-30,0.476,1,0,ok,2013-04-02,1,0,1,0,0,0,3
SIMH3,07.415.333/0001-20,SIMPAR S.A.,fca,1.0,,ok,,27,2019-12-31,2026-06-30,1.0,0,0,ok,2022-04-01,1,0,0,0,0,0,4
MGLU3,47.960.950/0001-21,MAGAZINE LUIZA SA,fca,1.0,,ok,,63,2010-12-31,2026-06-30,1.0,2,0,ok,2013-07-02,3,0,2,0,0,0,6
CSNA3,33.042.730/0001-04,CIA SIDERURGICA NACIONAL,manual,1.0,FCA traz o código CVM (4030) no campo de ticker,ok,,63,2010-12-31,2026-06-30,1.0,3,0,ok,2013-01-03,0,0,3,0,0,0,0
ITSA4,61.532.644/0001-15,ITAUSA S.A.,fca,1.0,,ok,,63,2010-12-31,2026-06-30,1.0,1,0,ok,2013-01-03,0,0,1,0,0,0,0
ITUB4,60.872.504/0001-23,ITAÚ UNIBANCO HOLDING S.A.,fca,1.0,,ok,,63,2010-12-31,2026-06-30,0.968,0,0,ok,2013-10-01,1,0,0,0,0,0,2
POMO4,88.611.835/0001-29,MARCOPOLO SA,fca,1.0,,ok,,63,2010-12-31,2026-06-30,1.0,1,0,ok,2013-01-03,0,0,1,0,0,0,0
COGN3,02.800.026/0001-40,COGNA EDUCAÇÃO S.A.,fca,1.0,,ok,,63,2010-12-31,2026-06-30,1.0,1,0,ok,2013-10-01,0,0,1,0,1,1,3
SUZB3,16.404.287/0001-55,SUZANO S.A.,fca,1.0,,ok,,63,2010-12-31,2026-06-30,1.0,3,0,ok,2019-07-02,1,0,3,0,0,1,4
SAPR11,76.484.013/0001-45,CIA. DE SANEAMENTO DO PARANÁ - SANEPAR,fca,5.0,,ok,,63,2010-12-31,2026-06-30,0.0,1,0,ok,2019-07-02,0,0,1,0,0,0,1
VAMO3,23.373.000/0001-32,"VAMOS LOCAÇÃO DE CAMINHÕES, MÁQUINAS E EQUIPAMENTOS S.A.",fca,1.0,,ok,,31,2018-12-31,2026-06-30,1.0,1,0,ok,2022-10-03,0,0,1,0,0,0,2
MRVE3,08.343.492/0001-20,MRV ENGENHARIA E PARTICIPAÇÕES S/A,fca,1.0,,ok,,63,2010-12-31,2026-06-30,1.0,2,0,ok,2013-01-03,0,0,2,0,0,0,1
IRBR3,33.376.989/0001-91,IRB - BRASIL RESSEGUROS S.A.,fca,1.0,,ok,,39,2016-12-31,2026-06-30,1.0,1,0,ok,2019-04-02,1,0,1,0,0,0,4
BBSE3,17.344.597/0001-94,BB SEGURIDADE PARTICIPAÇÕES S.A.,fca,1.0,,ok,,55,2012-12-31,2026-06-30,1.0,1,0,ok,2015-10-01,0,0,1,0,0,0,0
EZTC3,08.312.229/0001-73,EZ TEC EMPREEND. E PARTICIPAÇÕES S/A,fca,1.0,,ok,,63,2010-12-31,2026-06-30,1.0,2,0,ok,2013-01-03,0,0,2,0,0,0,0
LREN3,92.754.738/0001-62,LOJAS RENNER SA,fca,1.0,,ok,,63,2010-12-31,2026-06-30,1.0,1,0,ok,2013-01-03,1,0,1,0,0,0,2
BRAV3,12.091.809/0001-55,BRAVA ENERGIA S.A.,fca,1.0,,ok,,27,2019-12-31,2026-06-30,1.0,1,0,ok,2022-07-01,1,0,1,0,0,1,6
CEAB3,45.242.914/0001-05,C&A MODAS S.A.,fca,1.0,,ok,,31,2018-12-31,2026-06-30,1.0,0,0,ok,2022-01-03,0,0,0,0,0,0,0
CSAN3,50.746.577/0001-15,COSAN S.A.,fca,1.0,,ok,,62,2011-03-31,2026-06-30,1.0,2,0,ok,2013-04-02,0,0,2,0,0,0,2
RAIZ4,33.453.598/0001-23,RAÍZEN S.A.,fca,1.0,,ok,,26,2020-03-31,2026-06-30,1.0,1,3,ok,2023-07-03,0,0,1,3,1,0,3
AZZA3,16.590.234/0001-76,AZZAS 2154 S.A.,fca,1.0,,ok,,63,2010-12-31,2026-06-30,1.0,2,0,ok,2013-04-02,0,0,2,0,0,0,1
JHSF3,08.294.224/0001-65,JHSF PARTICIPAÇÕES SA,fca,1.0,,ok,,63,2010-12-31,2026-06-30,1.0,1,0,ok,2013-01-03,0,0,1,0,0,0,2
NATU3,71.673.990/0001-77 | 32.785.497/0001-97,NATURA & CO HOLDING S.A.,manual,1.0,Natura Cosméticos → Natura &Co Holding (NTCO3) → Natura Cosméticos; trocas de ações ~1:1 (o 2:1 de 2019 está nos splits do yfinance),ok,,63,2010-12-31,2026-06-30,1.0,2,0,ok,2013-01-03,2,1,2,0,1,0,5
AUAU3,53.153.938/0001-08,UNIÃO PET PARTICIPAÇÕES S.A.,fca,1.0,,ok,,11,2023-12-31,2026-06-30,1.0,0,0,sem_historico_suficiente,,0,0,0,0,0,1,2
BEEF3,67.620.377/0001-14,MINERVA S/A,fca,1.0,,ok,,63,2010-12-31,2026-06-30,1.0,1,13,ok,2014-01-02,0,0,1,13,0,0,6
MOVI3,21.314.559/0001-66,MOVIDA PARTICIPAÇÕES S.A.,fca,1.0,,ok,,47,2014-12-31,2026-06-30,1.0,1,0,ok,2019-04-03,0,0,1,0,1,0,4
CMIG4,17.155.730/0001-64,CIA ENERG MINAS GERAIS - CEMIG,fca,1.0,,ok,,63,2010-12-31,2026-06-30,1.0,1,0,ok,2013-01-03,0,0,1,0,0,0,1
USIM5,60.894.730/0001-05,USINAS SID DE MINAS GERAIS S.A.-USIMINAS,fca,1.0,,ok,,63,2010-12-31,2026-06-30,1.0,2,0,ok,2013-01-03,0,0,2,0,0,0,1
PCAR3,47.508.411/0001-56,COMPANHIA BRASILEIRA DE DISTRIBUIÇÃO,fca,1.0,,ok,,63,2010-12-31,2026-06-30,1.0,2,0,ok,2019-07-12,1,0,2,0,0,0,3
VBBR3,34.274.233/0001-02,VIBRA ENERGIA S/A,fca,1.0,,ok,,39,2016-12-31,2026-06-30,1.0,0,0,ok,2020-07-01,0,0,0,0,0,0,0
CMIN3,08.902.291/0001-15,CSN MINERAÇÃO S.A.,manual,1.0,FCA traz o código CVM (25585) no campo de ticker,ok,,27,2019-12-31,2026-06-30,1.0,0,0,ok,2022-10-03,1,0,0,0,0,1,3
DIRR3,16.614.075/0001-00,DIRECIONAL ENGENHARIA SA,fca,1.0,,ok,,63,2010-12-31,2026-06-30,1.0,2,0,ok,2013-01-03,0,0,2,0,0,0,2
RENT3,16.670.085/0001-55,LOCALIZA RENT A CAR SA,fca,1.0,,ok,,63,2010-12-31,2026-06-30,1.0,2,0,ok,2013-01-03,0,0,2,0,0,0,1
B3SA3,09.346.601/0001-25,"B3 S.A. - BRASIL, BOLSA, BALCÃO",fca,1.0,,ok,,63,2010-12-31,2026-06-30,1.0,2,0,ok,2013-01-03,0,0,2,0,0,0,0
ENEV3,04.423.567/0001-21,ENEVA S.A.,fca,1.0,,ok,,63,2010-12-31,2026-06-30,1.0,1,0,ok,2013-05-27,0,0,1,0,1,2,9
RADL3,61.585.865/0001-51,RAIA DROGASIL S.A.,fca,1.0,,ok,,63,2010-12-31,2026-06-30,0.825,1,0,ok,2013-01-03,0,0,1,0,0,0,1
GGBR4,33.611.500/0001-19,GERDAU S.A.,fca,1.0,,ok,,63,2010-12-31,2026-06-30,1.0,0,0,ok,2013-01-03,0,0,0,0,0,0,0
AXIA3,00.001.180/0001-26,AXIA ENERGIA S.A.,fca,1.0,,ok,,63,2010-12-31,2026-06-30,1.0,2,0,ok,2013-04-15,0,0,2,0,0,0,3
GOAU4,92.690.783/0001-09,METALURGICA GERDAU SA,fca,1.0,,ok,,63,2010-12-31,2026-06-30,1.0,1,0,ok,2013-01-03,0,0,1,0,0,0,1
WEGE3,84.429.695/0001-11,WEG SA,fca,1.0,,ok,,63,2010-12-31,2026-06-30,1.0,1,0,ok,2013-07-02,1,0,1,0,0,0,2
AURE3,28.594.234/0001-23,AUREN ENERGIA S.A,fca,1.0,,ok,,22,2021-03-31,2026-06-30,1.0,1,0,ok,2023-10-03,1,0,1,0,0,0,2
CXSE3,22.543.331/0001-00,CAIXA SEGURIDADE PARTICIPAÇÕES S.A.,fca,1.0,,ok,,45,2015-06-30,2026-06-30,1.0,2,0,ok,2023-01-03,0,0,2,0,0,0,2
PRIO3,10.629.105/0001-68,PRIO S.A.,fca,1.0,,ok,,63,2010-12-31,2026-06-30,1.0,2,0,ok,2013-01-03,2,0,2,0,0,2,8
QUAL3,11.992.680/0001-93,QUALICORP CONSULTORIA E CORRETORA DE SEGUROS S.A.,fca,1.0,,ok,,63,2010-12-31,2026-06-30,1.0,2,0,ok,2014-01-02,0,0,2,0,0,0,0
MBRF3,03.853.896/0001-40,MARFRIG GLOBAL FOODS SA,manual,1.0,"ex-MRFG3 (Marfrig, que já consolidava a BRF); FCA traz 'ADR' no ticker. O PL da BRF antes da incorporação só entra via consolidação na Marfrig",ok,,63,2010-12-31,2026-06-30,1.0,0,1,ok,2013-11-14,0,0,0,1,0,0,5
ECOR3,04.149.454/0001-80,ECORODOVIAS INFRAESTRUTURA E LOGÍSTICA S.A.,fca,1.0,,ok,,63,2010-12-31,2026-06-30,1.0,2,0,ok,2013-01-03,0,0,2,0,0,0,1
EGIE3,02.474.103/0001-19,ENGIE BRASIL ENERGIA S.A.,fca,1.0,,ok,,63,2010-12-31,2026-06-30,1.0,1,0,ok,2013-01-03,0,0,1,0,0,0,0
RIAA3,08.402.943/0001-52,GUARARAPES CONFECÇÕES SA,fca,1.0,,ok,,63,2010-12-31,2026-06-30,1.0,1,0,ok,2013-07-02,0,0,1,0,0,0,0
TIMS3,02.421.421/0001-11,TIM S.A.,fca,1.0,,ok,,31,2018-12-31,2026-06-30,0.581,0,5,ok,2022-04-01,0,0,0,5,0,1,1
EMBJ3,07.689.002/0001-89,EMBRAER S.A.,fca,1.0,,ok,,63,2010-12-31,2026-06-30,1.0,0,0,ok,2013-01-03,0,0,0,0,0,0,0
PSSA3,02.149.205/0001-69,PORTO SEGURO SA,fca,1.0,,ok,,63,2010-12-31,2026-06-30,1.0,0,0,ok,2013-01-03,0,0,0,0,0,0,0
VULC3,50.926.955/0001-42,VULCABRAS S.A.,fca,1.0,,ok,,63,2010-12-31,2026-06-30,1.0,2,3,ok,2014-07-01,0,0,2,3,1,1,5
POSI3,81.243.735/0001-48,POSITIVO TECNOLOGIA S.A.,fca,1.0,,ok,,63,2010-12-31,2026-06-30,1.0,2,0,ok,2013-01-03,0,0,2,0,0,0,1
SMFT3,07.594.978/0001-78,SMARTFIT ESCOLA DE GINÁSTICA E DANÇA S.A.,fca,1.0,,ok,,39,2016-12-31,2026-06-30,1.0,2,0,ok,2023-10-03,0,0,2,0,2,0,3
CURY3,08.797.760/0001-83,CURY CONSTRUTORA E INCORPORADORA S.A.,fca,1.0,,ok,,27,2019-12-31,2026-06-30,1.0,0,0,ok,2022-04-01,0,0,0,0,0,0,2
INBR32,42.737.954/0001-21,,fca,1.0,,ok,,19,2021-12-31,2026-06-30,1.0,1,0,ok,2024-05-17,0,0,1,0,0,0,1
ISAE4,02.998.611/0001-04,ISA ENERGIA BRASIL S.A.,fca,1.0,,ok,,63,2010-12-31,2026-06-30,1.0,1,0,ok,2013-01-03,0,0,1,0,0,0,0
CPLE3,76.483.817/0001-20,COMPANHIA PARANAENSE DE ENERGIA COPEL,fca,1.0,,ok,,63,2010-12-31,2026-06-30,1.0,2,0,ok,2013-01-03,1,0,2,0,0,0,2
VIVA3,33.839.910/0001-11,VIVARA PARTICIPAÇÕES S.A.,fca,1.0,,ok,,29,2019-06-30,2026-06-30,1.0,1,0,ok,2021-10-01,0,0,1,0,0,0,0
BPAC11,30.306.294/0001-45,BANCO BTG PACTUAL S/A,manual,3.0,FCA traz 000000 no ticker; unit = 1 ON + 2 PNA,ok,,63,2010-12-31,2026-06-30,0.46,3,0,ok,2019-01-03,1,0,3,0,0,0,3
ASAI3,06.057.223/0001-71,SENDAS DISTRIBUIDORA S.A.,fca,1.0,,ok,,27,2019-12-31,2026-06-30,0.296,1,0,ok,2022-10-03,2,0,1,0,0,1,4
HYPE3,02.932.074/0001-91,HYPERA S/A,fca,1.0,,ok,,63,2010-12-31,2026-06-30,1.0,2,0,ok,2013-01-03,0,0,2,0,0,0,0
MYPK3,61.156.113/0001-75,IOCHPE MAXION SA,fca,1.0,,ok,,63,2010-12-31,2026-06-30,1.0,1,0,ok,2013-01-03,0,0,1,0,0,0,1
CVCB3,10.760.260/0001-19,CVC BRASIL OPERADORA E AGÊNCIA DE VIAGENS SA,fca,1.0,,ok,,55,2012-12-31,2026-06-30,1.0,1,3,ok,2016-01-04,0,0,1,3,0,0,5
YDUQ3,08.807.432/0001-10,YDUQS PARTICIPACOES S.A.,fca,1.0,,ok,,63,2010-12-31,2026-06-30,1.0,1,0,ok,2013-07-02,0,0,1,0,0,2,2
RDOR3,06.047.087/0001-39,REDE D'OR SÃO LUIZ S.A.,fca,1.0,,ok,,31,2018-12-31,2026-06-30,1.0,1,0,ok,2022-07-01,0,0,1,0,0,0,1
JALL3,02.635.522/0001-95,JALLES MACHADO S.A.,fca,1.0,,ok,,26,2020-03-31,2026-06-30,1.0,1,0,ok,2022-10-03,0,0,1,0,0,2,3
SBSP3,43.776.517/0001-80,CIA SANEAMENTO BÁSICO ESTADO SÃO PAULO,fca,1.0,,ok,,63,2010-12-31,2026-06-30,0.333,1,0,ok,2015-07-01,0,0,1,0,0,0,0
MOTV3,02.846.056/0001-97,MOTIVA INFRAESTRUTURA DE MOBILIDADE S.A.,fca,1.0,,ok,,63,2010-12-31,2026-06-30,1.0,1,0,ok,2013-01-03,0,0,1,0,0,0,0
BRSR6,92.702.067/0001-96,BANCO DO ESTADO DO RIO GRANDE DO SUL SA,fca,1.0,,ok,,63,2010-12-31,2026-06-30,0.476,1,0,ok,2013-01-03,1,0,1,0,0,0,2
CYRE3,73.178.600/0001-18,CYRELA BRAZIL REALTY S.A.EMPREEND E PART,fca,1.0,,ok,,63,2010-12-31,2026-06-30,1.0,2,0,ok,2013-01-03,0,0,2,0,0,0,1
BHIA3,33.041.260/0652-90,GRUPO CASAS BAHIA S.A.,fca,1.0,,ok,,63,2010-12-31,2026-06-30,1.0,2,1,ok,2013-01-04,1,0,2,1,1,1,7
GMAT3,24.990.777/0001-09,GRUPO MATEUS S.A.,fca,1.0,,ok,,27,2019-12-31,2026-06-30,1.0,2,0,ok,2022-07-01,2,0,2,0,0,0,6
TAEE11,07.859.971/0001-30,TRANSMISSORA ALIANÇA DE ENERGIA ELÉTRICA S.A.,fca,3.0,,ok,,63,2010-12-31,2026-06-30,1.0,1,0,ok,2013-04-02,1,0,1,0,0,0,2
EQTL3,03.220.438/0001-73,EQUATORIAL S.A.,fca,1.0,,ok,,63,2010-12-31,2026-06-30,1.0,2,0,ok,2013-10-01,0,0,2,0,0,0,1
KLBN11,89.637.490/0001-45,KLABIN S.A.,fca,5.0,,ok,,63,2010-12-31,2026-06-30,1.0,2,0,ok,2015-10-01,0,0,2,0,0,0,0
GFSA3,01.545.826/0001-07,GAFISA SA,fca,1.0,,ok,,62,2010-12-31,2026-03-31,1.0,0,0,ok,2013-01-03,0,0,0,0,0,2,9
GRND3,89.850.341/0001-60,GRENDENE SA,fca,1.0,,ok,,63,2010-12-31,2026-06-30,1.0,2,0,ok,2013-10-01,0,0,2,0,0,0,0
TTEN3,94.813.102/0001-70,TRÊS TENTOS AGROINDUSTRIAL S.A.,fca,1.0,,ok,,23,2020-12-31,2026-06-30,0.739,1,0,ok,2023-04-03,0,0,1,0,0,2,3
PLPL3,24.230.275/0001-80,PLANO & PLANO DESENVOLVIMENTO IMOBILIÁRIO S.A.,fca,1.0,,ok,,26,2020-03-31,2026-06-30,1.0,1,0,ok,2023-08-02,0,0,1,0,0,1,1
AMAR3,61.189.288/0001-89,MARISA LOJAS SA,manual,1.0,FCA traz o código CVM (022055) no campo de ticker,ok,,63,2010-12-31,2026-06-30,1.0,1,2,ok,2013-01-03,0,0,1,2,1,0,4
ROMI3,56.720.428/0001-63,ROMI S.A.,fca,1.0,,ok,,63,2010-12-31,2026-06-30,1.0,1,0,ok,2013-01-03,0,0,1,0,0,0,0
BBDC3,60.746.948/0001-12,BANCO BRADESCO S.A.,fca,1.0,,ok,,63,2010-12-31,2026-06-30,0.476,1,0,ok,2013-04-02,1,0,1,0,0,0,3
SANB11,90.400.888/0001-42,BANCO SANTANDER (BRASIL) S.A.,fca,2.0,,ok,,63,2010-12-31,2026-06-30,1.0,1,0,ok,2013-01-03,0,0,1,0,0,1,1
