nome,k_compra,k_venda,filtro_compra,filtro_venda,retorno_total,cagr,vol_anual,sharpe,sortino,max_drawdown,exposicao_media,dif_cagr_vs_ew,ew_ic_lo,ew_ic_hi,cagr_mix,dd_mix,dif_cagr_vs_mix,mix_ic_lo,mix_ic_hi,ativos_ganham,ativos_perdem,ativos_empatam,ativos_ganham_sig,ativos_perdem_sig,nunca_venderam,nunca_compraram,n_trades,n_round_trips,acerto,ret_medio_trade,dias_medio_trade,dif_cagr_sem_top5,top5,dsr
Estratégia 1,0.0,2.0,,,3.4379432938622214,0.11454512253116023,0.12190108094526263,0.18672087695315728,0.18429219509101957,-0.2045181795232257,0.752177947316872,0.005723516647498261,-0.07688642243570787,0.08445884294140511,0.11265071865550458,-0.33151238998724863,0.001894403875655648,-0.03615705379379417,0.037398856877265414,52,20,15,6,0,23,0,315,122,0.860655737704918,0.6790054184794093,918.7868852459017,-0.005376926391968961,"SBSP3, DIRR3, PSSA3, ITSA4, BBAS3",0.5771357249383928
Estratégia 2,2.0,2.0,,,3.202535932415895,0.11013318475639533,0.060770244240897414,0.21657287906853456,0.21123015913781173,-0.11472874875140782,0.3424704022544117,0.0013115788727333655,-0.10562174881799946,0.10429222771697104,0.1082978175464262,-0.16047508474061323,0.0018353672099691298,-0.018580381596065218,0.021992738047342777,64,22,1,10,1,12,36,106,42,0.8809523809523809,1.0318727819285396,1354.6904761904761,-0.005809097893882509,"CVCB3, MRVE3, ITUB4, CEAB3, EZTC3",0.6190779720792705
Estratégia 3,1.0,1.0,,,2.9039235318845216,0.10419454393822214,0.08900382589766238,0.11026858763956895,0.11030276979220549,-0.12725433951013188,0.4992138770039693,-0.004627061945439825,-0.10490240588900068,0.09310570812447606,0.11143821820724131,-0.22984223681228277,-0.0072436742690191736,-0.03329971795185872,0.01804642525992274,59,23,5,4,2,18,10,227,90,0.8444444444444444,0.5350658101966853,933.6111111111111,-0.014461119252844101,"BBAS3, ITSA4, SBSP3, PCAR3, BEEF3",0.4655128875120511
Estratégia 4,1.0,3.0,,,3.506463448222938,0.11578854328555543,0.10377150097105849,0.2105802800194922,0.20582797072900424,-0.1853745709922976,0.6305694451604035,0.006966937401893469,-0.08381398266985023,0.09865601758990719,0.11271599517177,-0.2840915456285512,0.003072548113785434,-0.02521306609815467,0.03092233707819414,63,14,10,9,1,39,10,147,45,0.8222222222222222,1.2688028575471744,1579.0444444444445,-0.0025455911603673442,"PETR4, SBSP3, ITSA4, MGLU3, RENT3",0.6110075739559448
Estratégia 5,2.0,3.0,,,3.4260799071550894,0.11432803421813453,0.07335803605719651,0.2431399404638738,0.23568204939533388,-0.16887189951380754,0.41314844407787343,0.005506428334472568,-0.09718706840142502,0.10335485857859628,0.10990837348657068,-0.1923861207053058,0.004419660731563857,-0.014771609869934739,0.024162777501869702,65,20,2,11,1,21,36,90,31,0.9032258064516129,1.6273489314972074,1639.4516129032259,-0.00261457269262122,"CVCB3, EZTC3, ITSA4, ITUB4, VALE3",0.6553170201342313
Estratégia 6,0.0,2.0,macd,,2.5931218833134917,0.0975482361774076,0.10782220700665847,0.051355765220722015,0.05030467266514838,-0.1558674965199478,0.7003196041033043,-0.011273369706254366,-0.10455831380599416,0.07575727555809292,0.11282905857434544,-0.3115848738139524,-0.015280822396937843,-0.05623691097742371,0.020315983972866096,47,34,6,2,0,27,0,260,95,0.8315789473684211,0.6484924258040192,1057.5894736842106,-0.020070330129521308,"BBAS3, ITSA4, ITUB4, PSSA3, CEAB3",0.3808678279074415
Estratégia 7,0.0,3.0,,,3.1560311442457847,0.10923457196309827,0.13777752355924852,0.14502717422981018,0.14199477739506222,-0.23549243394100738,0.8335008677423235,0.0004129660794363055,-0.07636870585910956,0.07493403743646117,0.11192323525925985,-0.36201144734735224,-0.0026886632961615753,-0.04804406865919658,0.038864275475240975,45,16,26,3,0,43,0,203,64,0.78125,1.0200005011978748,1450.734375,-0.005855612952000433,"PETR4, SBSP3, AXIA3, ITUB4, POSI3",0.5164646967695218
Estratégia 9,0.0,2.0,macd,macd,3.703309720126179,0.11926554674581591,0.07129875363847155,0.31089181543920197,0.3163498133978234,-0.07529694032693834,0.305062975754764,0.010443940862153944,-0.09030898538249582,0.11462801334054196,0.10733357040376168,-0.14317782021854686,0.011931976342054229,-0.015991513277380555,0.043606362743259665,56,31,0,4,0,0,0,5040,2501,0.3750499800079968,0.022372276103395282,41.21431427429028,-0.007217986363165174,"JHSF3, USIM5, BRSR6, GOAU4, POMO4",0.7424414630652102
Controle: só MACD,-1000000000.0,1000000000.0,macd,macd,11.058955929700698,0.19864519756155374,0.18565911422871192,0.5731351787385037,0.5858379434284962,-0.45705975678583644,0.49493530594360535,0.08982359167789178,-0.007726784608932546,0.2013295595900112,0.11137440029462975,-0.22801671754310915,0.087270797266924,-0.009329120288783932,0.20361120570434738,57,30,0,5,1,0,0,7758,3852,0.36863966770508827,0.0255472510020205,43.48468328141225,0.007395912863285226,"MGLU3, PRIO3, ROMI3, JHSF3, USIM5",0.9465888197357629
