ticker,dif_cagr,dif_cagr_ic_lo,dif_cagr_ic_hi,pct_tempo_exposto,n_trades,nunca_vendeu,variante
INBR32,0.4120272945877027,0.0045064134316008565,0.7523187781204305,0.4907563025210084,3,False,Estratégia 1
CEAB3,0.16628356974527803,-0.0049682348394455775,0.4923943631301553,0.8887952822240943,3,False,Estratégia 1
CURY3,0.1295700008454117,-0.11605199471350833,0.43142940295553206,0.6604444444444444,5,False,Estratégia 1
BEEF3,0.11238673086973106,-0.07764304668028146,0.27371707630117537,0.19210110584518167,7,False,Estratégia 1
NATU3,0.11075911017186979,0.008539828822924008,0.24813699443170462,0.8563892145369285,3,False,Estratégia 1
DIRR3,0.09101164823359609,-0.0765924344558599,0.28307483375364106,0.5685814771395076,6,False,Estratégia 1
BBAS3,0.08762776287422658,0.007174278379222395,0.19193801077062275,0.8983001172332943,7,False,Estratégia 1
KLBN11,0.08746619347172402,-0.009902977724222141,0.20375160000306183,0.7056023434639326,5,False,Estratégia 1
RAIZ4,0.08675366768996662,-0.06222077132130563,0.28796990042345366,0.8425584255842559,2,False,Estratégia 1
PCAR3,0.07704054468508292,-0.1602001642112522,0.30388863649234665,0.5783333333333334,6,False,Estratégia 1
ECOR3,0.07363941995595769,-0.027901521085981543,0.18565892338271783,0.7160023446658851,5,False,Estratégia 1
IRBR3,0.07221414247916758,-0.04678558865898327,0.22380663139953047,0.8769395398608881,1,True,Estratégia 1
POSI3,0.07210213620664585,-0.14657596623336544,0.28822150384876527,0.8244431418522861,5,False,Estratégia 1
MRVE3,0.07191294737311793,-0.00699856539035213,0.2002525665004934,0.8686987104337632,5,False,Estratégia 1
ITSA4,0.0704309972923085,0.009767423337845785,0.1456211296215065,0.8924384525205158,9,False,Estratégia 1
CMIN3,0.06853888984591028,-0.02870805164734559,0.24600445358481432,0.9529058116232465,2,False,Estratégia 1
AZZA3,0.0673805667056947,0.0023737228837737525,0.15330771933713622,0.9033701163137489,7,False,Estratégia 1
QUAL3,0.06703219407151784,-0.040491019276726985,0.17236005605946933,0.7150078988941548,9,False,Estratégia 1
CSAN3,0.06520844701923312,-0.055435819292857375,0.17912369185760627,0.5478675812705041,8,False,Estratégia 1
SBSP3,0.0645403031090852,-0.09704157538289752,0.23912305413671173,0.47227191413237923,8,False,Estratégia 1
PSSA3,0.06382454637306911,-0.024758920241048567,0.15715406830714573,0.6465416178194607,8,False,Estratégia 1
USIM5,0.0635213667767045,-0.04625213596160029,0.18212721251618574,0.7195193434935522,5,False,Estratégia 1
BHIA3,0.06228240873527646,-0.14490834501812833,0.26210953274617316,0.7437701553796541,8,False,Estratégia 1
AMAR3,0.06145029044325501,-0.01283292522437701,0.1475318120278799,0.7907385697538101,2,False,Estratégia 1
HYPE3,0.0598364176606081,-0.05315959756833717,0.15753235856345968,0.43376318874560377,5,False,Estratégia 1
CYRE3,0.0581526908949328,-0.042961243883276885,0.2083504887716758,0.8514067995310668,5,False,Estratégia 1
BBDC3,0.05385884563784438,0.011069886886917544,0.10973849604418988,0.9111243662391888,7,False,Estratégia 1
GRND3,0.046551709186413825,-5.755891622266273e-05,0.10684769710521586,0.953812771233726,3,False,Estratégia 1
ITUB4,0.0437441170177717,-0.007948621104183502,0.10870030823897883,0.8415995040297582,7,False,Estratégia 1
GFSA3,0.03562372192466734,-0.022498217642645913,0.11508953959689378,0.8725087924970691,3,False,Estratégia 1
VALE3,0.02585792928777475,-0.09717689029300429,0.13328971402158002,0.6562310030395136,5,False,Estratégia 1
BBDC4,0.02419689498664157,-0.010096607770288611,0.07000425709971558,0.9120190873844318,5,False,Estratégia 1
EZTC3,0.02366853848399031,-0.052212521925846175,0.12873843806638977,0.9194021101992966,3,False,Estratégia 1
JHSF3,0.021084514630939744,-3.1763007544088856e-05,0.06376545911622496,0.9736225087924971,1,True,Estratégia 1
LREN3,0.020981396379248007,-0.04004900536741822,0.0915237481624102,0.8446658851113716,5,False,Estratégia 1
PLPL3,0.02059269467052005,-0.00800612652641286,0.06664024601624673,0.9848293299620733,1,True,Estratégia 1
SAPR11,0.020139519207414303,-0.06571022715422717,0.1370096406780484,0.9014941892639734,1,True,Estratégia 1
SMFT3,0.01967340448264443,-0.1648131496944587,0.17183929327497185,0.7540106951871658,1,True,Estratégia 1
CXSE3,0.018840712363509482,-0.17799924295859082,0.18310920142539894,0.4658119658119658,4,False,Estratégia 1
GOAU4,0.018336643037279998,-0.01870887053798814,0.0654042167842989,0.9117819460726846,3,False,Estratégia 1
TIMS3,0.016206658340637503,-0.2550965714640228,0.23076848078781162,0.3546666666666667,2,False,Estratégia 1
AXIA3,0.01539069944615501,-0.29781999414756866,0.2777105574128854,0.3283492822966507,4,False,Estratégia 1
MOTV3,0.014843056052856074,-0.004171966899880639,0.04909048765876149,0.9642438452520515,1,True,Estratégia 1
POMO4,0.014640351694142018,-0.006176679730435355,0.04321950337702333,0.94021101992966,1,True,Estratégia 1
GGBR4,0.014039788267059095,-0.04247479069671907,0.0719199392215111,0.8944900351699883,3,False,Estratégia 1
ABEV3,0.012934613674211448,-0.011738341114316533,0.04955388571696605,0.9686028257456829,3,False,Estratégia 1
PETR4,0.012149528981809876,-0.13376874982851894,0.14512783080571087,0.5618405627198124,8,False,Estratégia 1
ISAE4,0.009801597699362619,-0.0034239320032640936,0.03431026574240499,0.9856389214536928,3,False,Estratégia 1
TAEE11,0.006304619455934635,-0.006212866868334986,0.024467104784617028,0.9490008947211452,3,False,Estratégia 1
MYPK3,0.005298295281206067,-7.771561172376096e-16,0.01791813621069543,0.9970691676436108,1,True,Estratégia 1
MOVI3,0.0013026832147360334,-0.15339712310077072,0.1421227154664446,0.7414346895074947,3,False,Estratégia 1
RENT3,0.0008292950902597518,-0.10759930602821481,0.10111219706345474,0.7523446658851114,5,False,Estratégia 1
VAMO3,0.0,0.0,0.0,0.998997995991984,1,True,Estratégia 1
SIMH3,0.0,0.0,0.0,0.9991111111111111,1,True,Estratégia 1
BRAV3,0.0,0.0,0.0,0.9990592662276576,1,True,Estratégia 1
GMAT3,0.0,0.0,0.0,0.9990592662276576,1,True,Estratégia 1
VBBR3,0.0,0.0,0.0,0.9993585631815266,1,True,Estratégia 1
RIAA3,0.0,0.0,0.0,0.9996960486322188,1,True,Estratégia 1
CMIG4,0.0,0.0,0.0,0.9997069167643611,1,True,Estratégia 1
AURE3,0.0,0.0,0.0,0.9986631016042781,1,True,Estratégia 1
ASAI3,0.0,0.0,0.0,0.998997995991984,1,True,Estratégia 1
BRSR6,0.0,0.0,0.0,0.9997069167643611,1,True,Estratégia 1
JALL3,0.0,0.0,0.0,0.998997995991984,1,True,Estratégia 1
TTEN3,0.0,0.0,0.0,0.9988558352402745,1,True,Estratégia 1
VIVA3,0.0,0.0,0.0,0.999198717948718,1,True,Estratégia 1
YDUQ3,0.0,0.0,0.0,0.9996960486322188,1,True,Estratégia 1
RDOR3,0.0,0.0,0.0,0.9990592662276576,1,True,Estratégia 1
EGIE3,-0.003387149466691941,-0.05685809056211737,0.04918558421077724,0.7974794841735052,3,False,Estratégia 1
COGN3,-0.003445385975269888,-0.12459719056898877,0.11351519166724978,0.7200867947923124,3,False,Estratégia 1
CVCB3,-0.0038905512801273856,-0.15507062273447067,0.11782721701770782,0.6997379258704605,5,False,Estratégia 1
BBSE3,-0.0043714871551765455,-0.04877491692112663,0.047366391550992114,0.8982057854265837,5,False,Estratégia 1
SANB11,-0.029544744387793198,-0.14546054968124436,0.06721073737500145,0.7209847596717468,3,False,Estratégia 1
B3SA3,-0.032529558664287084,-0.20070440302408743,0.11933988215236767,0.22479484173505276,2,False,Estratégia 1
EMBJ3,-0.04235909491819001,-0.1246603547262192,0.025823084232186263,0.813599062133646,4,False,Estratégia 1
RADL3,-0.04942301484025724,-0.19251462743232642,0.07282154796732274,0.29835873388042206,3,False,Estratégia 1
CSNA3,-0.049724349836991144,-0.25800407594066477,0.1018190175750682,0.8660609613130129,5,False,Estratégia 1
ENEV3,-0.049754286310369156,-0.19410649344851166,0.06170901049449707,0.501659125188537,3,False,Estratégia 1
VULC3,-0.0511212740242013,-0.3654012232357209,0.177531253989251,0.4503942181340342,11,False,Estratégia 1
ROMI3,-0.05386709471700257,-0.3402205004358883,0.13109205861036666,0.5413247362250879,3,False,Estratégia 1
SUZB3,-0.05853270667448318,-0.2125699270711192,0.049729134023162674,0.8677365799667958,3,False,Estratégia 1
EQTL3,-0.08005474032962612,-0.20638526737338886,0.030614584828191294,0.5114693118412895,3,False,Estratégia 1
CPLE3,-0.08059876128938614,-0.19907778566745785,0.018311277495222607,0.4780187573270809,2,False,Estratégia 1
BPAC11,-0.09172111413607831,-0.4616498103360882,0.1972160118762221,0.673924313115604,3,False,Estratégia 1
WEGE3,-0.09708413325160326,-0.33424126640669566,0.07071246762224462,0.23009118541033435,3,False,Estratégia 1
MBRF3,-0.10460336883860455,-0.2963003579621454,0.05913458693442832,0.5381966186599875,5,False,Estratégia 1
PRIO3,-0.16774625936094867,-0.4949663084317792,0.04651951592845818,0.5624267291910903,3,False,Estratégia 1
MGLU3,-0.2041970659639586,-0.561139150288238,0.024830996615915236,0.6413373860182371,3,False,Estratégia 1
RAIZ4,0.6762517702836462,0.3888709598584886,0.8716229285730693,0.0,0,False,Estratégia 2
GFSA3,0.6023912761251979,0.30808527409950354,0.7985039065459874,0.0,0,False,Estratégia 2
BHIA3,0.36834772141603866,0.022420758116782562,0.6414018264294586,0.1723834652594547,2,False,Estratégia 2
VAMO3,0.36088068896855174,0.031681347062315214,0.5902306877906935,0.0,0,False,Estratégia 2
JALL3,0.3577312788809319,0.08368802723461932,0.5701000976775935,0.0,0,False,Estratégia 2
CVCB3,0.3535477010251552,0.04621734330342035,0.5959077441760311,0.17895919131411456,4,False,Estratégia 2
SIMH3,0.2885170477439558,-0.10792943346120504,0.5715071294337106,0.0,0,False,Estratégia 2
BRAV3,0.27352244809792037,-0.05611748970152487,0.5195662011911958,0.0,0,False,Estratégia 2
NATU3,0.25132137777580454,0.10645269061627897,0.40504680020827605,0.3994724501758499,2,False,Estratégia 2
PCAR3,0.250966309122057,-0.3483577977037832,0.6410343659488996,0.0,0,False,Estratégia 2
ASAI3,0.23539905375636383,-0.24130011642585003,0.5520298897623381,0.0,0,False,Estratégia 2
CEAB3,0.21528951314259248,-0.015202350208225959,0.555878568250652,0.7320977253580455,2,False,Estratégia 2
PLPL3,0.2147834609050302,-0.39195977045903907,0.6349792609930959,0.0,0,False,Estratégia 2
INBR32,0.20165268751969123,-0.45254164398244784,0.577249104914065,0.0,0,False,Estratégia 2
QUAL3,0.18341375521688064,-0.03145044143798988,0.3708755700220664,0.41137440758293836,3,False,Estratégia 2
CSAN3,0.16780037080361954,-0.0003516337855467473,0.32953299317914414,0.1282433641515061,2,False,Estratégia 2
TTEN3,0.1675079624423612,-0.20714485911964317,0.4361948088741431,0.0,0,False,Estratégia 2
MRVE3,0.16651157708131525,-0.03345507072989498,0.3333595325511574,0.451348182883939,2,False,Estratégia 2
SMFT3,0.16335650789050027,-0.14653769384158452,0.4020958929734595,0.0,0,False,Estratégia 2
BEEF3,0.1593971743036502,-0.04875627560227588,0.3467034229042889,0.0,0,False,Estratégia 2
IRBR3,0.1556025052368899,-0.04633602805643347,0.48356193620105586,0.8715890850722311,1,True,Estratégia 2
VIVA3,0.14050088141510897,-0.1999338982264252,0.39841471433383663,0.0,0,False,Estratégia 2
USIM5,0.13788104200400264,-0.09796416543188682,0.3562403434419129,0.2171746776084408,2,False,Estratégia 2
EZTC3,0.10728605045508899,-0.05298351232156167,0.2685378009658884,0.3622508792497069,2,False,Estratégia 2
CSNA3,0.09893121583746056,-0.312098871085724,0.3644520118397595,0.0,0,False,Estratégia 2
AZZA3,0.0957037973515994,-0.061025791310377664,0.2399854144032151,0.43930808231434537,3,False,Estratégia 2
TIMS3,0.09503532299361694,-0.21617741267308876,0.3298987676636244,0.16444444444444445,2,False,Estratégia 2
AURE3,0.09010723840410417,-0.2616633505066646,0.37387309363700033,0.0,0,False,Estratégia 2
AMAR3,0.08389149562333009,0.0016387051592836482,0.18527625941638232,0.7746189917936694,2,False,Estratégia 2
MOVI3,0.07088673635212506,-0.37780150940824925,0.4138286143982691,0.0,0,False,Estratégia 2
POSI3,0.06885423962890935,-0.20360115935850429,0.2773943711962941,0.48300117233294254,2,False,Estratégia 2
BBDC3,0.06736792988395202,-0.014227741343523323,0.16858589681333158,0.7408291082612586,3,False,Estratégia 2
JHSF3,0.06735599916873136,-4.1633363423441e-18,0.171502354747983,0.9302461899179367,1,True,Estratégia 2
ECOR3,0.06689860269545111,-0.15233388049234525,0.2413834365186851,0.1981242672919109,2,False,Estratégia 2
KLBN11,0.06490400821458198,-0.08668876674952262,0.20262216640160097,0.0,0,False,Estratégia 2
BBDC4,0.062384224133775756,0.00860653450627101,0.13015804802954067,0.8329853862212944,5,False,Estratégia 2
GRND3,0.056423414385024184,-0.11459839569011986,0.21523286321297455,0.0,0,False,Estratégia 2
HYPE3,0.0549156161343578,-0.10587411631635578,0.20423973405023108,0.13012895662368112,1,True,Estratégia 2
MOTV3,0.05427117872987841,0.0019347197965431555,0.12450689702572523,0.8024618991793669,1,True,Estratégia 2
ITUB4,0.0513976736653281,-0.06453728696329564,0.1771781259472898,0.5579665220086795,3,False,Estratégia 2
ABEV3,0.04687329415650843,-0.0005454065861657103,0.11225779880839366,0.8865777080062794,3,False,Estratégia 2
CMIG4,0.04455881556989372,-0.06124693052218474,0.15516224505507392,0.8080304806565064,1,True,Estratégia 2
POMO4,0.039564452918802395,-0.0013849476585450317,0.10237640077293592,0.9076787807737398,1,True,Estratégia 2
ITSA4,0.03628646633838728,-0.06935218825412325,0.14579532937552617,0.488862837045721,3,False,Estratégia 2
GGBR4,0.03368194769274857,-0.06431406473921208,0.13496513142138214,0.5603751465416178,2,False,Estratégia 2
SUZB3,0.03093644841802523,-0.21160418863561262,0.2192586005217026,0.0,0,False,Estratégia 2
MGLU3,0.029480613186886995,-0.4508865840721739,0.37587250516550685,0.2711246200607903,2,False,Estratégia 2
EGIE3,0.029259362099649522,-0.04383234892982605,0.1024031804765513,0.3528722157092614,3,False,Estratégia 2
BBAS3,0.02383401794736928,-0.14229183629849604,0.18536012385194822,0.22977725674091443,2,False,Estratégia 2
ROMI3,0.0227894254259835,-0.282498556077624,0.2304532891447664,0.25263774912075027,2,False,Estratégia 2
CYRE3,0.0213802041843536,-0.15203108815336647,0.18012970663057115,0.402989449003517,2,False,Estratégia 2
MYPK3,0.01954151586194275,-0.009604359723780272,0.054642686121169064,0.9173505275498242,1,True,Estratégia 2
VBBR3,0.018498066074358777,-0.13391205119717248,0.15136420089756358,0.704939063502245,1,True,Estratégia 2
GMAT3,0.018481537748201937,-0.671384960425027,0.39121819469379837,0.0,0,False,Estratégia 2
RDOR3,0.01838719391213628,-0.37575539819688,0.28422956620138934,0.0,0,False,Estratégia 2
RADL3,0.01594472682721637,-0.16913346799388373,0.175624875538147,0.12045720984759671,2,False,Estratégia 2
GOAU4,0.015580971253440712,-0.07280445642059728,0.09386172812907491,0.5844079718640094,2,False,Estratégia 2
BRSR6,0.015539528797749336,-0.006671996050709862,0.05790465315851163,0.9660023446658851,1,True,Estratégia 2
SAPR11,0.012791310747682916,-0.19767331743643482,0.17415723280783826,0.0,0,False,Estratégia 2
LREN3,0.006509569821874228,-0.12267977267021173,0.1178925579046135,0.4879835873388042,3,False,Estratégia 2
YDUQ3,0.005232198139378141,-0.08872716341596738,0.10451323863061525,0.8820668693009118,1,True,Estratégia 2
BBSE3,0.0035854779200701348,-0.11396711929043668,0.11240435536977803,0.3489564262175027,4,False,Estratégia 2
COGN3,0.00211900936989029,-0.13941284812852878,0.14265076540801075,0.6429014259144451,1,True,Estratégia 2
SANB11,0.0009745192047874163,-0.15390005777101032,0.153106132194935,0.16617819460726846,2,False,Estratégia 2
RIAA3,0.0,0.0,0.0,0.9996960486322188,1,True,Estratégia 2
VALE3,-0.0017344626978423872,-0.19872647337904614,0.1393677371058515,0.260790273556231,2,False,Estratégia 2
DIRR3,-0.0017748940274029401,-0.18204182695738003,0.17664842051659413,0.43024618991793667,2,False,Estratégia 2
RENT3,-0.021317054535930025,-0.17083731614085065,0.11252030168801674,0.6096131301289566,3,False,Estratégia 2
PSSA3,-0.022592213268621375,-0.1719687658009368,0.12387920825135998,0.15504103165298944,2,False,Estratégia 2
VULC3,-0.029918599814032776,-0.4280712821330566,0.24646560460445055,0.20170827858081472,2,False,Estratégia 2
ENEV3,-0.038904838187865054,-0.2116657795758223,0.0973369733899063,0.1951734539969834,2,False,Estratégia 2
B3SA3,-0.0520188627578686,-0.2565640988578165,0.11870595170580228,0.0,0,False,Estratégia 2
MBRF3,-0.05825546034667961,-0.35635190116353277,0.17075747868560767,0.0,0,False,Estratégia 2
TAEE11,-0.06023690349623312,-0.16981638410316144,0.04509129450476249,0.0,0,False,Estratégia 2
ISAE4,-0.06949291123154477,-0.20990516034830306,0.04691906112232406,0.0,0,False,Estratégia 2
EMBJ3,-0.07204981823612,-0.17107716773722104,0.005477644457656515,0.6541617819460727,2,False,Estratégia 2
CPLE3,-0.07571940199375837,-0.19368372917602536,0.022806364295892684,0.4771395076201641,2,False,Estratégia 2
CMIN3,-0.08734070571635577,-0.5290232724202382,0.2738671977484725,0.0,0,False,Estratégia 2
PRIO3,-0.09552525785411725,-0.6248171033197648,0.30392652652990304,0.0,0,False,Estratégia 2
PETR4,-0.1035789200081001,-0.314430799535606,0.0531856910519913,0.36430246189917936,2,False,Estratégia 2
EQTL3,-0.11372107361614159,-0.2560751688899625,0.020098474363927404,0.0,0,False,Estratégia 2
WEGE3,-0.1324771267321958,-0.38083979194333617,0.04225440482338991,0.0,0,False,Estratégia 2
SBSP3,-0.1415865939857628,-0.3858690710338096,0.06313574334071992,0.0,0,False,Estratégia 2
AXIA3,-0.14229033821590842,-0.4979645401733163,0.10671153700946603,0.0,0,False,Estratégia 2
CXSE3,-0.24957252349986336,-0.5634414379275077,-0.009602049755177788,0.0,0,False,Estratégia 2
BPAC11,-0.2772386172208834,-0.8012615725359671,0.09113494911376746,0.0,0,False,Estratégia 2
CURY3,-0.3153708657464882,-0.8527669634481175,0.07473973705343165,0.0,0,False,Estratégia 2
BHIA3,0.31747320364398535,-0.031722853309514285,0.5869922213762131,0.24479624743476985,2,False,Estratégia 3
BRAV3,0.27352244809792037,-0.05611748970152487,0.5195662011911958,0.0,0,False,Estratégia 3
PCAR3,0.2609158878251713,-0.10618602951543996,0.5031253109091821,0.35444444444444445,4,False,Estratégia 3
RAIZ4,0.24214308933654916,0.055781502322265905,0.49166339010602755,0.3899138991389914,2,False,Estratégia 3
CVCB3,0.23821063771983864,-0.03533944011850788,0.47756987963545033,0.11306626731561213,4,False,Estratégia 3
INBR32,0.20165268751969123,-0.45254164398244784,0.577249104914065,0.0,0,False,Estratégia 3
SMFT3,0.20026938978183184,-0.05888116517148749,0.40358600308535614,0.46524064171123,3,False,Estratégia 3
PLPL3,0.165333982359967,-0.4243780886867593,0.5516193226499545,0.06447534766118837,1,True,Estratégia 3
BEEF3,0.1593971743036502,-0.04875627560227588,0.3467034229042889,0.0,0,False,Estratégia 3
NATU3,0.13288487674912586,0.025819201611012376,0.2761222665905802,0.7664126611957796,3,False,Estratégia 3
CMIN3,0.12757572277345286,-0.18810642724918886,0.41143688071955814,0.27955911823647295,2,False,Estratégia 3
MOVI3,0.12065819909034703,-0.12987601488895426,0.39068448933863736,0.563169164882227,3,False,Estratégia 3
TTEN3,0.11987685699070028,-0.014634845495620209,0.2987486676767445,0.6887871853546911,1,True,Estratégia 3
CEAB3,0.11923968324325851,-0.3004364695420354,0.45872067114695436,0.5998315080033698,2,False,Estratégia 3
BBAS3,0.11868778383901923,-0.01327584036937486,0.2616155372268172,0.7502930832356389,9,False,Estratégia 3
QUAL3,0.11454932468478285,-0.04383377990598473,0.2596743376908181,0.5693522906793049,5,False,Estratégia 3
GFSA3,0.11299198572267954,0.012539481486765898,0.24977436376579,0.6831770222743259,3,False,Estratégia 3
USIM5,0.11052324242765965,-0.11783450630373515,0.3185808233608717,0.44724501758499413,5,False,Estratégia 3
AURE3,0.09010723840410417,-0.2616633505066646,0.37387309363700033,0.0,0,False,Estratégia 3
CSNA3,0.08971679849482206,-0.15753407455087556,0.3057531621669943,0.6711606096131302,7,False,Estratégia 3
AMAR3,0.07057682326739889,-0.007377318973137286,0.16136626767088108,0.7886869871043376,2,False,Estratégia 3
ITSA4,0.0696506482872703,-0.05032083637437033,0.21106157727482988,0.5999413833528722,8,False,Estratégia 3
IRBR3,0.06960362882018689,-0.04678558865898291,0.2160594608566698,0.8764044943820225,1,True,Estratégia 3
VAMO3,0.06508428427579183,-0.0037347683910368035,0.23666777088545685,0.9378757515030061,1,True,Estratégia 3
KLBN11,0.06490400821458198,-0.08668876674952262,0.20262216640160097,0.0,0,False,Estratégia 3
BRSR6,0.05915405141548091,0.0027640112241807905,0.14365250999232437,0.9246776084407972,3,False,Estratégia 3
ECOR3,0.058593189301436976,-0.15562438206747384,0.22848243947365215,0.23827667057444316,2,False,Estratégia 3
CSAN3,0.056856628962827394,-0.07951385256394797,0.18518108117632154,0.24425887265135698,4,False,Estratégia 3
GRND3,0.055482575306076365,-0.08309416441122122,0.19744823406980083,0.4717916924984501,3,False,Estratégia 3
GGBR4,0.05459876031494537,-0.08755369734841763,0.19993303726853623,0.5079132473622509,5,False,Estratégia 3
VIVA3,0.0534949940538767,-0.005199800025008096,0.15955865792461013,0.9463141025641025,1,True,Estratégia 3
ASAI3,0.05235186845774964,-0.03865259616698384,0.1766779216655244,0.8827655310621243,1,True,Estratégia 3
SUZB3,0.05057944507409573,-0.17785623672266598,0.2267597618275387,0.1366906474820144,2,False,Estratégia 3
BBDC4,0.04920360388870093,-0.01725341158679829,0.12698430661013382,0.8240381747688637,9,False,Estratégia 3
YDUQ3,0.042006113428221026,-0.08105119645008277,0.19393917027462337,0.8668693009118541,3,False,Estratégia 3
SBSP3,0.04080080297556821,-0.16908778227332322,0.24688769256351967,0.23971377459749552,8,False,Estratégia 3
POSI3,0.03653723140642495,-0.24857602779631238,0.2487933287492032,0.5196365767878077,3,False,Estratégia 3
EZTC3,0.036004948010617044,-0.08432663717329342,0.1533296991424763,0.7541031652989449,3,False,Estratégia 3
MRVE3,0.03527245301497883,-0.06681374922740528,0.13825389992056614,0.7810668229777257,3,False,Estratégia 3
RIAA3,0.03450887656859236,-0.10314859589674666,0.17788775685671654,0.8124620060790274,3,False,Estratégia 3
MOTV3,0.03369846787358943,-0.009110580333956215,0.07774796319468837,0.8370457209847597,3,False,Estratégia 3
SAPR11,0.033444189998535157,-0.08379259677676475,0.15977033379778321,0.7858328721638074,1,True,Estratégia 3
ABEV3,0.033295754021813284,-0.011347386475372348,0.08873236177533388,0.8830455259026687,3,False,Estratégia 3
CYRE3,0.031240960561009556,-0.1243049195863365,0.17387052226610086,0.7417936694021102,3,False,Estratégia 3
JHSF3,0.029986854580680733,-0.1786109822724634,0.2186884225655701,0.4718640093786635,2,False,Estratégia 3
TIMS3,0.02970616276555904,-0.26794550138640566,0.2667111059616601,0.2222222222222222,2,False,Estratégia 3
POMO4,0.02967863901923362,-0.0037870298611772327,0.08124767654909262,0.9276084407971864,1,True,Estratégia 3
BBDC3,0.029066259375544856,-0.04527566800777636,0.09976339576112993,0.6922159260363854,5,False,Estratégia 3
LREN3,0.028597741178502334,-0.09140150031590298,0.14038428990171636,0.6553341148886284,5,False,Estratégia 3
AZZA3,0.020599752332429166,-0.10216492356807234,0.13463331339529136,0.6349537727408291,3,False,Estratégia 3
HYPE3,0.020016636412589328,-0.13191483478793303,0.14372962626645316,0.14742086752637748,1,True,Estratégia 3
BBSE3,0.01117475690558356,-0.05570118863396085,0.0770347927961651,0.7861589161479312,7,False,Estratégia 3
MYPK3,0.009852675147186907,-0.014563352803116984,0.037136842634953725,0.9352286049237983,1,True,Estratégia 3
GOAU4,0.005268231832010084,-0.14989152111800533,0.1402370358215573,0.48827667057444313,3,False,Estratégia 3
SANB11,0.005169233347710467,-0.15115033524124016,0.15651554284826746,0.1995896834701055,4,False,Estratégia 3
EGIE3,0.003796895451784854,-0.06637978422608828,0.07333416412395162,0.4466588511137163,3,False,Estratégia 3
RENT3,0.003645608416002144,-0.13462581733285997,0.1379079882241327,0.597010550996483,7,False,Estratégia 3
ITUB4,0.0035684009097518565,-0.09806693624379852,0.09320594863223391,0.5793552386856788,4,False,Estratégia 3
VBBR3,0.00045159793095495004,-0.016182416503233377,0.015960295191770956,0.9781911481719051,1,True,Estratégia 3
SIMH3,0.0,0.0,0.0,0.9991111111111111,1,True,Estratégia 3
GMAT3,0.0,0.0,0.0,0.9990592662276576,1,True,Estratégia 3
JALL3,0.0,0.0,0.0,0.998997995991984,1,True,Estratégia 3
RDOR3,0.0,0.0,0.0,0.9990592662276576,1,True,Estratégia 3
CMIG4,0.0,0.0,0.0,0.9997069167643611,1,True,Estratégia 3
ROMI3,-0.00047195751212480985,-0.29655758148636874,0.21637555419295165,0.32415005861664714,4,False,Estratégia 3
PSSA3,-0.0027112917175819984,-0.12495788719488414,0.1123443932811151,0.3939038686987104,4,False,Estratégia 3
ISAE4,-0.003912878660866204,-0.04172546943086834,0.03006394335352638,0.8443728018757327,3,False,Estratégia 3
RADL3,-0.008330762213486942,-0.17737914448680944,0.14949342631548684,0.22303634232121922,3,False,Estratégia 3
COGN3,-0.011899380498183176,-0.14321949981459345,0.11490525306957708,0.6546807191568506,1,True,Estratégia 3
MGLU3,-0.012972857556019513,-0.5133685822634165,0.35727639214790696,0.24954407294832825,2,False,Estratégia 3
TAEE11,-0.02508897835238355,-0.11940988883014729,0.05449060688059085,0.40143155383238893,2,False,Estratégia 3
DIRR3,-0.04525357230041904,-0.22765827330989089,0.11940484898284762,0.42584994138335286,2,False,Estratégia 3
VALE3,-0.05086085432189136,-0.25763402966705895,0.09265664269848495,0.27264437689969606,2,False,Estratégia 3
B3SA3,-0.0520188627578686,-0.2565640988578165,0.11870595170580228,0.0,0,False,Estratégia 3
MBRF3,-0.05825546034667961,-0.35635190116353277,0.17075747868560767,0.0,0,False,Estratégia 3
ENEV3,-0.07240744343510319,-0.23745802444334965,0.05520635859043184,0.21206636500754147,2,False,Estratégia 3
PETR4,-0.07640833969016625,-0.30777571231511475,0.1350431457525822,0.2963071512309496,4,False,Estratégia 3
VULC3,-0.08117803784097721,-0.45927779539831426,0.18797152470210077,0.10512483574244415,2,False,Estratégia 3
EMBJ3,-0.08969740935895176,-0.2059992727732283,-0.004465663091508014,0.6459554513481829,2,False,Estratégia 3
PRIO3,-0.09552525785411725,-0.6248171033197648,0.30392652652990304,0.0,0,False,Estratégia 3
EQTL3,-0.09724983785857866,-0.2275236927985899,0.016095321624877364,0.3670179789212647,1,True,Estratégia 3
CPLE3,-0.09807743222733656,-0.2204785897033571,0.004714354280644398,0.45838218053927315,2,False,Estratégia 3
WEGE3,-0.1121814137383752,-0.36305109565166066,0.060146033280365156,0.04680851063829787,2,False,Estratégia 3
AXIA3,-0.11449314335365135,-0.4239235184037254,0.12768326047040546,0.22338516746411483,2,False,Estratégia 3
CURY3,-0.1846216092090054,-0.6183850430284793,0.17072411848286898,0.128,2,False,Estratégia 3
CXSE3,-0.24957252349986336,-0.5634414379275077,-0.009602049755177788,0.0,0,False,Estratégia 3
BPAC11,-0.2772386172208834,-0.8012615725359671,0.09113494911376746,0.0,0,False,Estratégia 3
BHIA3,0.3271100409612866,0.005913044697612199,0.5921709336071649,0.39284667253004985,2,False,Estratégia 4
CVCB3,0.27665595594041303,0.019199025813518775,0.5007526433229004,0.22688131785847998,4,False,Estratégia 4
BRAV3,0.27352244809792037,-0.05611748970152487,0.5195662011911958,0.0,0,False,Estratégia 4
RAIZ4,0.24214308933654916,0.055781502322265905,0.49166339010602755,0.3899138991389914,2,False,Estratégia 4
INBR32,0.20165268751969123,-0.45254164398244784,0.577249104914065,0.0,0,False,Estratégia 4
PCAR3,0.19413606415113505,-0.1317919994146109,0.41902260788915463,0.5272222222222223,4,False,Estratégia 4
PLPL3,0.165333982359967,-0.4243780886867593,0.5516193226499545,0.06447534766118837,1,True,Estratégia 4
QUAL3,0.16207479670229974,0.020872710014615815,0.29767614936606357,0.6091627172195893,5,False,Estratégia 4
BEEF3,0.1593971743036502,-0.04875627560227588,0.3467034229042889,0.0,0,False,Estratégia 4
NATU3,0.13288487674912586,0.025819201611012376,0.2761222665905802,0.7664126611957796,3,False,Estratégia 4
TTEN3,0.11987685699070028,-0.014634845495620209,0.2987486676767445,0.6887871853546911,1,True,Estratégia 4
USIM5,0.11279876842177683,-0.008263868623222875,0.2574683763709021,0.7107268464243846,3,False,Estratégia 4
GFSA3,0.09558434711119912,0.004782731428632718,0.2145820877979026,0.7482415005861665,3,False,Estratégia 4
AURE3,0.09010723840410417,-0.2616633505066646,0.37387309363700033,0.0,0,False,Estratégia 4
SMFT3,0.0823412037911061,-0.1335259355149532,0.294906109788257,0.6122994652406417,1,True,Estratégia 4
CYRE3,0.07954804020959183,-0.052988996119303564,0.22487481572300957,0.7883939038686987,3,False,Estratégia 4
PETR4,0.07877569879163993,-0.07956490991394552,0.27508661279045565,0.865767878077374,3,False,Estratégia 4
CSAN3,0.07841289954964914,-0.0436760826304572,0.1979511782039816,0.4906054279749478,4,False,Estratégia 4
POSI3,0.07711626759645296,-0.18127902900573428,0.28820630749366677,0.5234466588511137,3,False,Estratégia 4
EZTC3,0.07138706435217235,-0.027056467057842863,0.18872967751992578,0.7857561547479485,3,False,Estratégia 4
AMAR3,0.07057682326739889,-0.007377318973137286,0.16136626767088108,0.7886869871043376,2,False,Estratégia 4
CSNA3,0.07051948976235234,-0.1579837364682301,0.2650473138621922,0.7602579132473622,5,False,Estratégia 4
IRBR3,0.06960362882018689,-0.04678558865898291,0.2160594608566698,0.8764044943820225,1,True,Estratégia 4
TIMS3,0.0668926104404366,-0.2282000179121328,0.3058812288661662,0.33511111111111114,2,False,Estratégia 4
ITSA4,0.06524119799556471,0.0011756724442314218,0.17816305367935578,0.9372801875732708,3,False,Estratégia 4
VAMO3,0.06508428427579183,-0.0037347683910368035,0.23666777088545685,0.9378757515030061,1,True,Estratégia 4
KLBN11,0.06490400821458198,-0.08668876674952262,0.20262216640160097,0.0,0,False,Estratégia 4
ECOR3,0.058593189301436976,-0.15562438206747384,0.22848243947365215,0.23827667057444316,2,False,Estratégia 4
MGLU3,0.05718303844221895,-0.4234137777974957,0.40629331393845747,0.2741641337386018,2,False,Estratégia 4
RENT3,0.0550323714500367,-0.07268861390062697,0.18819592016593276,0.6781946072684643,5,False,Estratégia 4
VIVA3,0.0534949940538767,-0.005199800025008096,0.15955865792461013,0.9463141025641025,1,True,Estratégia 4
ASAI3,0.05235186845774964,-0.03865259616698384,0.1766779216655244,0.8827655310621243,1,True,Estratégia 4
SBSP3,0.05196477682937384,-0.0824490107006271,0.22517873777980793,0.7545617173524151,4,False,Estratégia 4
GGBR4,0.05161331605174868,-0.0235236665504007,0.1316655161847845,0.7075029308323564,3,False,Estratégia 4
SUZB3,0.05057944507409573,-0.17785623672266598,0.2267597618275387,0.1366906474820144,2,False,Estratégia 4
ABEV3,0.04446624282826739,0.00035363587550292784,0.10972734994450549,0.9301412872841445,3,False,Estratégia 4
JHSF3,0.04183190369036116,-2.2239154962022665e-16,0.11589461404910352,0.9639507620164126,1,True,Estratégia 4
DIRR3,0.037835374897013496,-0.04026510196127463,0.1296714973018068,0.8490621336459554,2,False,Estratégia 4
VALE3,0.0363013011287141,-0.0782470000661107,0.1391749860023828,0.564741641337386,2,False,Estratégia 4
SAPR11,0.033444189998535157,-0.08379259677676475,0.15977033379778321,0.7858328721638074,1,True,Estratégia 4
POMO4,0.02967863901923362,-0.0037870298611772327,0.08124767654909262,0.9276084407971864,1,True,Estratégia 4
MOVI3,0.029407623396334293,-0.16535865450676152,0.2700689270272685,0.8720556745182013,1,True,Estratégia 4
AZZA3,0.02679863438164032,-0.004155005337582245,0.07449002153313442,0.9534745004473606,1,True,Estratégia 4
ITUB4,0.02578522146973805,-0.03631490482316489,0.0940492084155197,0.7867327960322381,3,False,Estratégia 4
LREN3,0.022315561432374453,-0.07766732620092232,0.12359175391477989,0.7825322391559203,3,False,Estratégia 4
MOTV3,0.02164901524604579,-0.011491146572875475,0.06237886749296076,0.8681125439624854,1,True,Estratégia 4
CURY3,0.02128156787336022,-1.1102230246251565e-15,0.0636362090876371,0.9946666666666667,1,True,Estratégia 4
PSSA3,0.021080622382443792,-0.07844949745207398,0.11488954208137664,0.5401524032825322,3,False,Estratégia 4
GRND3,0.020626178835021935,-0.11448126774568623,0.14130055368145333,0.5040297582145071,1,True,Estratégia 4
HYPE3,0.020016636412589328,-0.13191483478793303,0.14372962626645316,0.14742086752637748,1,True,Estratégia 4
EGIE3,0.017613978467831526,-0.044620106261403156,0.0851946636010557,0.4510550996483001,3,False,Estratégia 4
RADL3,0.017410421571073087,-0.14095016351365916,0.16299119575664975,0.24003516998827668,3,False,Estratégia 4
ROMI3,0.01704333052807394,-0.29184542836333577,0.22437337997681794,0.37397420867526376,2,False,Estratégia 4
BBDC3,0.01696822811975207,-0.0290222908635917,0.06271736193469504,0.8413361169102297,1,True,Estratégia 4
TAEE11,0.013809567335710593,-0.006107575039438821,0.04357313333065462,0.9448255293766776,1,True,Estratégia 4
MYPK3,0.009852675147186907,-0.014563352803116984,0.037136842634953725,0.9352286049237983,1,True,Estratégia 4
GOAU4,0.00588018401857493,-2.8805083318594884e-16,0.02078559287126949,0.9950175849941383,1,True,Estratégia 4
BBAS3,0.005390737189589601,-0.010751906010706141,0.02368528735160017,0.9759671746776084,1,True,Estratégia 4
BRSR6,0.0024668108484300344,-1.0688065016362103e-15,0.008382094100111278,0.9988276670574443,1,True,Estratégia 4
MRVE3,0.0019387157121372178,-1.8041124150158794e-16,0.006327354830885647,0.9988276670574443,1,True,Estratégia 4
BBDC4,0.001212691400163779,8.326672684688674e-17,0.004204516244835998,0.999105278854757,1,True,Estratégia 4
VBBR3,0.00045159793095495004,-0.016182416503233377,0.015960295191770956,0.9781911481719051,1,True,Estratégia 4
SANB11,0.00013539665032880066,-0.1447116508583584,0.1512069228588686,0.26172332942555687,2,False,Estratégia 4
GMAT3,0.0,0.0,0.0,0.9990592662276576,1,True,Estratégia 4
CEAB3,0.0,0.0,0.0,0.9991575400168492,1,True,Estratégia 4
BBSE3,0.0,0.0,0.0,0.9996338337605273,1,True,Estratégia 4
SIMH3,0.0,0.0,0.0,0.9991111111111111,1,True,Estratégia 4
RDOR3,0.0,0.0,0.0,0.9990592662276576,1,True,Estratégia 4
CMIN3,0.0,0.0,0.0,0.998997995991984,1,True,Estratégia 4
CMIG4,0.0,0.0,0.0,0.9997069167643611,1,True,Estratégia 4
RIAA3,0.0,0.0,0.0,0.9996960486322188,1,True,Estratégia 4
JALL3,0.0,0.0,0.0,0.998997995991984,1,True,Estratégia 4
ISAE4,0.0,0.0,0.0,0.9997069167643611,1,True,Estratégia 4
COGN3,-0.011899380498183176,-0.14321949981459345,0.11490525306957708,0.6546807191568506,1,True,Estratégia 4
YDUQ3,-0.018403228921735404,-0.09327516514812444,0.03972480522096776,0.8866261398176292,1,True,Estratégia 4
EMBJ3,-0.027898458249625113,-0.11852979639447778,0.04448068292318612,0.7160023446658851,2,False,Estratégia 4
B3SA3,-0.0520188627578686,-0.2565640988578165,0.11870595170580228,0.0,0,False,Estratégia 4
VULC3,-0.05620879028307035,-0.3672136758836581,0.17968727760204756,0.5374507227332457,1,True,Estratégia 4
MBRF3,-0.05825546034667961,-0.35635190116353277,0.17075747868560767,0.0,0,False,Estratégia 4
CPLE3,-0.060629098463559794,-0.16950120903901386,0.02986374569398894,0.5008792497069168,2,False,Estratégia 4
WEGE3,-0.06614770420438432,-0.30162409937864665,0.09740635798022858,0.27933130699088143,2,False,Estratégia 4
ENEV3,-0.07240744343510319,-0.23745802444334965,0.05520635859043184,0.21206636500754147,2,False,Estratégia 4
AXIA3,-0.07490164170452474,-0.35338171033326765,0.13804386327519877,0.23714114832535885,2,False,Estratégia 4
PRIO3,-0.09552525785411725,-0.6248171033197648,0.30392652652990304,0.0,0,False,Estratégia 4
EQTL3,-0.09724983785857866,-0.2275236927985899,0.016095321624877364,0.3670179789212647,1,True,Estratégia 4
CXSE3,-0.24957252349986336,-0.5634414379275077,-0.009602049755177788,0.0,0,False,Estratégia 4
BPAC11,-0.2772386172208834,-0.8012615725359671,0.09113494911376746,0.0,0,False,Estratégia 4
RAIZ4,0.6762517702836462,0.3888709598584886,0.8716229285730693,0.0,0,False,Estratégia 5
GFSA3,0.6023912761251979,0.30808527409950354,0.7985039065459874,0.0,0,False,Estratégia 5
CVCB3,0.37663190471613117,0.07757307856218627,0.6119523484629932,0.21527517783601646,4,False,Estratégia 5
VAMO3,0.36088068896855174,0.031681347062315214,0.5902306877906935,0.0,0,False,Estratégia 5
JALL3,0.3577312788809319,0.08368802723461932,0.5701000976775935,0.0,0,False,Estratégia 5
BHIA3,0.3545096862574506,0.028991119653403282,0.6264745735609015,0.3066549399003225,2,False,Estratégia 5
SIMH3,0.2885170477439558,-0.10792943346120504,0.5715071294337106,0.0,0,False,Estratégia 5
BRAV3,0.27352244809792037,-0.05611748970152487,0.5195662011911958,0.0,0,False,Estratégia 5
NATU3,0.25132137777580454,0.10645269061627897,0.40504680020827605,0.3994724501758499,2,False,Estratégia 5
PCAR3,0.250966309122057,-0.3483577977037832,0.6410343659488996,0.0,0,False,Estratégia 5
ASAI3,0.23539905375636383,-0.24130011642585003,0.5520298897623381,0.0,0,False,Estratégia 5
PLPL3,0.2147834609050302,-0.39195977045903907,0.6349792609930959,0.0,0,False,Estratégia 5
INBR32,0.20165268751969123,-0.45254164398244784,0.577249104914065,0.0,0,False,Estratégia 5
QUAL3,0.19126887756907074,-0.01883162462380223,0.3760148241259603,0.41706161137440756,3,False,Estratégia 5
CSAN3,0.18187492234326763,0.02696876238950917,0.3375657436923533,0.3444676409185804,2,False,Estratégia 5
TTEN3,0.1675079624423612,-0.20714485911964317,0.4361948088741431,0.0,0,False,Estratégia 5
SMFT3,0.16335650789050027,-0.14653769384158452,0.4020958929734595,0.0,0,False,Estratégia 5
BEEF3,0.1593971743036502,-0.04875627560227588,0.3467034229042889,0.0,0,False,Estratégia 5
USIM5,0.1561298468320591,-0.02615896314969711,0.3312285612099326,0.4490035169988277,2,False,Estratégia 5
IRBR3,0.1556025052368899,-0.04633602805643347,0.48356193620105586,0.8715890850722311,1,True,Estratégia 5
VIVA3,0.14050088141510897,-0.1999338982264252,0.39841471433383663,0.0,0,False,Estratégia 5
EZTC3,0.12795121513508345,-0.02668165525548935,0.28785409931471195,0.38716295427901526,2,False,Estratégia 5
TIMS3,0.10588608928771848,-0.2042619261582164,0.3407472452582004,0.18666666666666668,2,False,Estratégia 5
CSNA3,0.09893121583746056,-0.312098871085724,0.3644520118397595,0.0,0,False,Estratégia 5
POSI3,0.09459366677090775,-0.16826804204041457,0.3035216208799227,0.48417350527549824,2,False,Estratégia 5
AURE3,0.09010723840410417,-0.2616633505066646,0.37387309363700033,0.0,0,False,Estratégia 5
AMAR3,0.08389149562333009,0.0016387051592836482,0.18527625941638232,0.7746189917936694,2,False,Estratégia 5
MOVI3,0.07088673635212506,-0.37780150940824925,0.4138286143982691,0.0,0,False,Estratégia 5
JHSF3,0.06735599916873136,-4.1633363423441e-18,0.171502354747983,0.9302461899179367,1,True,Estratégia 5
ECOR3,0.06689860269545111,-0.15233388049234525,0.2413834365186851,0.1981242672919109,2,False,Estratégia 5
KLBN11,0.06490400821458198,-0.08668876674952262,0.20262216640160097,0.0,0,False,Estratégia 5
VALE3,0.06054989366250085,-0.06831754909000871,0.16951805584565383,0.4613981762917933,2,False,Estratégia 5
ITUB4,0.05868529022856639,-0.05063781687686189,0.1764302684491332,0.6357718536887786,3,False,Estratégia 5
MGLU3,0.05718303844221895,-0.4234137777974957,0.40629331393845747,0.2741641337386018,2,False,Estratégia 5
GRND3,0.056423414385024184,-0.11459839569011986,0.21523286321297455,0.0,0,False,Estratégia 5
ITSA4,0.055106470716391076,-0.03893552573632238,0.15361618176211161,0.615767878077374,3,False,Estratégia 5
ABEV3,0.055076189882236726,0.00410088516082046,0.12578902248311558,0.8963893249607535,3,False,Estratégia 5
HYPE3,0.0549156161343578,-0.10587411631635578,0.20423973405023108,0.13012895662368112,1,True,Estratégia 5
MOTV3,0.05427117872987841,0.0019347197965431555,0.12450689702572523,0.8024618991793669,1,True,Estratégia 5
DIRR3,0.051431898457992675,-0.03137313670985953,0.1481998414282911,0.8144783118405627,2,False,Estratégia 5
CYRE3,0.046101457986643224,-0.13209439828860875,0.21187371219877796,0.43640093786635403,2,False,Estratégia 5
GGBR4,0.04603030419832721,-0.04362005843803997,0.14243202548025466,0.5817702227432591,2,False,Estratégia 5
CMIG4,0.04455881556989372,-0.06124693052218474,0.15516224505507392,0.8080304806565064,1,True,Estratégia 5
ROMI3,0.043881486023838345,-0.26500613902451126,0.2500227853773627,0.2637749120750293,2,False,Estratégia 5
AZZA3,0.04275358549206898,-0.0006905161063156701,0.11165405496536564,0.9382642409782285,1,True,Estratégia 5
POMO4,0.039564452918802395,-0.0013849476585450317,0.10237640077293592,0.9076787807737398,1,True,Estratégia 5
EGIE3,0.03920696270913138,-0.02816788983016123,0.11300891052722968,0.3549237983587339,3,False,Estratégia 5
RADL3,0.030983724630116338,-0.14839966599575896,0.19294473399483716,0.1242672919109027,2,False,Estratégia 5
SUZB3,0.03093644841802523,-0.21160418863561262,0.2192586005217026,0.0,0,False,Estratégia 5
MRVE3,0.025071841428343733,-0.0020766278746092476,0.07957321223079292,0.9830011723329426,1,True,Estratégia 5
BBDC3,0.024906591490941876,-0.025729085946406726,0.07539758680526135,0.823739934387116,1,True,Estratégia 5
MYPK3,0.01954151586194275,-0.009604359723780272,0.054642686121169064,0.9173505275498242,1,True,Estratégia 5
BBSE3,0.019269537168987272,-0.008246802647848644,0.07017757054000037,0.9780300256316368,1,True,Estratégia 5
VBBR3,0.018498066074358777,-0.13391205119717248,0.15136420089756358,0.704939063502245,1,True,Estratégia 5
GMAT3,0.018481537748201937,-0.671384960425027,0.39121819469379837,0.0,0,False,Estratégia 5
RDOR3,0.01838719391213628,-0.37575539819688,0.28422956620138934,0.0,0,False,Estratégia 5
GOAU4,0.016690799324718952,-5.256449301434957e-16,0.05414250489297279,0.9856389214536928,1,True,Estratégia 5
BRSR6,0.015539528797749336,-0.006671996050709862,0.05790465315851163,0.9660023446658851,1,True,Estratégia 5
BBAS3,0.013649038695970894,-0.06140042527814658,0.09179187251151373,0.854630715123095,1,True,Estratégia 5
SAPR11,0.012791310747682916,-0.19767331743643482,0.17415723280783826,0.0,0,False,Estratégia 5
LREN3,0.011593788706576014,-0.11709537521243521,0.12600584151913863,0.4894490035169988,3,False,Estratégia 5
SANB11,0.011357949903232578,-0.13937037653220413,0.16233781812783732,0.18610785463071514,2,False,Estratégia 5
BBDC4,0.009101166670824723,-0.0018109796323275062,0.029485290038371092,0.9853862212943633,1,True,Estratégia 5
YDUQ3,0.005232198139378141,-0.08872716341596738,0.10451323863061525,0.8820668693009118,1,True,Estratégia 5
COGN3,0.00211900936989029,-0.13941284812852878,0.14265076540801075,0.6429014259144451,1,True,Estratégia 5
RIAA3,0.0,0.0,0.0,0.9996960486322188,1,True,Estratégia 5
CEAB3,0.0,0.0,0.0,0.9991575400168492,1,True,Estratégia 5
PSSA3,-0.006471631362474195,-0.15210538901005793,0.13295136487272674,0.18786635404454866,2,False,Estratégia 5
RENT3,-0.011943947053901116,-0.16158101110769055,0.127526066180074,0.6172332942555686,3,False,Estratégia 5
EMBJ3,-0.02955559893490567,-0.11923898324958442,0.04336752816000534,0.6969519343493552,2,False,Estratégia 5
VULC3,-0.035762450361287446,-0.356344945327311,0.207007741757892,0.5364651773981604,1,True,Estratégia 5
ENEV3,-0.038904838187865054,-0.2116657795758223,0.0973369733899063,0.1951734539969834,2,False,Estratégia 5
B3SA3,-0.0520188627578686,-0.2565640988578165,0.11870595170580228,0.0,0,False,Estratégia 5
CPLE3,-0.05566425799173813,-0.1638110056228753,0.03373968667244557,0.5,2,False,Estratégia 5
MBRF3,-0.05825546034667961,-0.35635190116353277,0.17075747868560767,0.0,0,False,Estratégia 5
TAEE11,-0.06023690349623312,-0.16981638410316144,0.04509129450476249,0.0,0,False,Estratégia 5
ISAE4,-0.06949291123154477,-0.20990516034830306,0.04691906112232406,0.0,0,False,Estratégia 5
PETR4,-0.08673929973601635,-0.29976036085467594,0.08565000215958649,0.3786635404454865,2,False,Estratégia 5
CMIN3,-0.08734070571635577,-0.5290232724202382,0.2738671977484725,0.0,0,False,Estratégia 5
PRIO3,-0.09552525785411725,-0.6248171033197648,0.30392652652990304,0.0,0,False,Estratégia 5
EQTL3,-0.11372107361614159,-0.2560751688899625,0.020098474363927404,0.0,0,False,Estratégia 5
WEGE3,-0.1324771267321958,-0.38083979194333617,0.04225440482338991,0.0,0,False,Estratégia 5
SBSP3,-0.1415865939857628,-0.3858690710338096,0.06313574334071992,0.0,0,False,Estratégia 5
AXIA3,-0.14229033821590842,-0.4979645401733163,0.10671153700946603,0.0,0,False,Estratégia 5
CXSE3,-0.24957252349986336,-0.5634414379275077,-0.009602049755177788,0.0,0,False,Estratégia 5
BPAC11,-0.2772386172208834,-0.8012615725359671,0.09113494911376746,0.0,0,False,Estratégia 5
CURY3,-0.3153708657464882,-0.8527669634481175,0.07473973705343165,0.0,0,False,Estratégia 5
INBR32,0.20945250369431279,-0.4523679308758779,0.585070937646245,0.06554621848739496,1,True,Estratégia 6
CEAB3,0.12871170451295955,-0.06606871053108465,0.43928024669686677,0.8087615838247684,3,False,Estratégia 6
BEEF3,0.12078365715812911,-0.06823730115564274,0.2803926852341916,0.1513428120063191,7,False,Estratégia 6
IRBR3,0.10649372588595407,-0.09222998277709632,0.3830252061593674,0.8426966292134831,1,True,Estratégia 6
BBAS3,0.09510089803117938,0.0024176121252414366,0.21472553798545338,0.8648886283704572,7,False,Estratégia 6
NATU3,0.09427889369833342,0.0015628203668372864,0.21951966158849576,0.8461313012895663,3,False,Estratégia 6
USIM5,0.08903567175243565,-0.047589201062396565,0.2466997248018116,0.671746776084408,5,False,Estratégia 6
RAIZ4,0.08675366768996662,-0.06222077132130563,0.28796990042345366,0.8425584255842559,2,False,Estratégia 6
PCAR3,0.08185193858477735,-0.17475398736087652,0.3078129236088533,0.5111111111111111,4,False,Estratégia 6
AMAR3,0.07737005496155758,-0.004798137278339127,0.17423281886290876,0.7696365767878077,2,False,Estratégia 6
CMIN3,0.07733374186704034,-0.028203687418217816,0.26893412224838964,0.9478957915831663,2,False,Estratégia 6
BHIA3,0.07619556804251748,-0.13668236157675662,0.27783604140238594,0.6587510993843447,8,False,Estratégia 6
QUAL3,0.07611260035463296,-0.038981278465857784,0.19359900834745522,0.6278041074249605,5,False,Estratégia 6
AZZA3,0.06061918194634963,-0.010578480736829515,0.15457801755356038,0.8619147032508202,7,False,Estratégia 6
HYPE3,0.06037057537318535,-0.06720471193433541,0.1741900563673788,0.29718640093786636,5,False,Estratégia 6
GRND3,0.05318280720296387,-0.015512713746079274,0.1519698525326829,0.9268443893366398,3,False,Estratégia 6
ITSA4,0.05001465019916318,-0.02040451307862085,0.13822071277484524,0.8153575615474795,7,False,Estratégia 6
KLBN11,0.048547459685525096,-0.06200078626382059,0.15851349441397572,0.6807030391797876,3,False,Estratégia 6
ITUB4,0.04791526903515142,-0.03792227372578134,0.14947176331556805,0.7572845629262245,5,False,Estratégia 6
GFSA3,0.047216719116517814,-0.021825187526693178,0.14275011805118681,0.8455451348182884,3,False,Estratégia 6
BBDC4,0.04583983012698267,-0.018075144670672557,0.13205825255936107,0.8771249627199523,5,False,Estratégia 6
MOVI3,0.04409094216759968,-0.16066465417076978,0.27207435395616514,0.6766595289079229,3,False,Estratégia 6
BBDC3,0.03793720794508304,-0.005228137576244773,0.08839148079942455,0.8550551744706233,5,False,Estratégia 6
MRVE3,0.03632765638683244,-0.0496737953252632,0.12459761439208744,0.8203399765533411,3,False,Estratégia 6
POMO4,0.03607487532319964,-0.006130642063379584,0.09947187659953949,0.8974208675263775,1,True,Estratégia 6
CSAN3,0.03493044574103232,-0.09363388396980483,0.14979813301144032,0.4065016403220996,4,False,Estratégia 6
JHSF3,0.03248025095149831,-0.0061086953700681184,0.09633662905043415,0.9572098475967175,1,True,Estratégia 6
PSSA3,0.031242200602205727,-0.07561859904011803,0.1352623090937643,0.485052754982415,6,False,Estratégia 6
CYRE3,0.024205635646136203,-0.10939241850601791,0.15275320705413592,0.8045134818288394,3,False,Estratégia 6
PLPL3,0.02059269467052005,-0.00800612652641286,0.06664024601624673,0.9848293299620733,1,True,Estratégia 6
LREN3,0.0205579954166919,-0.04973394570563038,0.1002236258993534,0.813599062133646,5,False,Estratégia 6
SMFT3,0.017235132670759157,-0.1673484415662289,0.158197784914612,0.732620320855615,1,True,Estratégia 6
VIVA3,0.016853102026970435,-0.047695957940181534,0.08751977518902218,0.9350961538461539,1,True,Estratégia 6
TIMS3,0.016206658340637503,-0.2550965714640228,0.23076848078781162,0.3546666666666667,2,False,Estratégia 6
ECOR3,0.01540048340248823,-0.11096113249688785,0.11924870329029795,0.5934935521688159,3,False,Estratégia 6
MOTV3,0.013217786310419921,-0.004470814806563349,0.04421796136873721,0.9566236811254396,1,True,Estratégia 6
EZTC3,0.012502627762233542,-0.08636113609191377,0.11286977674732848,0.7904454865181711,3,False,Estratégia 6
BRAV3,0.011354600940989834,-0.039284681332166525,0.06735035093411257,0.9717779868297272,1,True,Estratégia 6
ABEV3,0.011292966976923058,-0.016768094647263476,0.056437316890616464,0.9525117739403454,3,False,Estratégia 6
GGBR4,0.009914546215754605,-0.04579453398409396,0.06474972142979507,0.8810082063305978,3,False,Estratégia 6
ISAE4,0.009801597699362619,-0.0034239320032640936,0.03431026574240499,0.9856389214536928,3,False,Estratégia 6
GOAU4,0.008264218889796338,-0.025560772799698383,0.0458155178295342,0.8909730363423212,3,False,Estratégia 6
MYPK3,0.005920990237692769,-0.0016523732271402644,0.021180608173660326,0.9906213364595545,1,True,Estratégia 6
TAEE11,0.005480139123100303,-0.0074391692074436844,0.023629145550219985,0.9469132120489114,3,False,Estratégia 6
AURE3,0.004814871584091662,-0.004191942932051826,0.020768624915293157,0.9866310160427807,1,True,Estratégia 6
SBSP3,0.002808935049713357,-0.17311017823001182,0.15844620890987107,0.41323792486583183,6,False,Estratégia 6
SAPR11,0.0014577382975509146,-0.10676835561950643,0.12324079676931661,0.8035417819590481,1,True,Estratégia 6
SIMH3,0.0,0.0,0.0,0.9991111111111111,1,True,Estratégia 6
ASAI3,0.0,0.0,0.0,0.998997995991984,1,True,Estratégia 6
BRSR6,0.0,0.0,0.0,0.9997069167643611,1,True,Estratégia 6
TTEN3,0.0,0.0,0.0,0.9988558352402745,1,True,Estratégia 6
VBBR3,0.0,0.0,0.0,0.9993585631815266,1,True,Estratégia 6
COGN3,-3.1152647229859554e-05,-0.1443380925867127,0.13893813701198027,0.6336019838809671,1,True,Estratégia 6
JALL3,-0.0011758694640426892,-0.005093753185833341,0.0007836599161676036,0.9949899799599199,1,True,Estratégia 6
VAMO3,-0.0024768108736854533,-0.009852271294236735,9.43689570931383e-16,0.996993987975952,1,True,Estratégia 6
RIAA3,-0.0034580413745952665,-0.013793312500002762,0.0029572929996315267,0.9917933130699088,1,True,Estratégia 6
CURY3,-0.0037341247041791092,-0.3668855904070577,0.2511610595049868,0.5457777777777778,2,False,Estratégia 6
CMIG4,-0.00519702665407995,-0.019619537678043305,0.0009133488109521842,0.9894490035169988,1,True,Estratégia 6
EGIE3,-0.005673965542292159,-0.060889133612299466,0.04955542771210938,0.6966588511137163,3,False,Estratégia 6
BBSE3,-0.005761606910628103,-0.05349350729629267,0.05236632510884229,0.8766019772976932,5,False,Estratégia 6
RENT3,-0.006631330530089796,-0.11553265093889217,0.10563370017444416,0.7247948417350527,5,False,Estratégia 6
YDUQ3,-0.00755673881757013,-0.02873068515594343,2.0816681711721685e-17,0.9975683890577508,1,True,Estratégia 6
POSI3,-0.009806992338552645,-0.27360764027587303,0.18584661911805614,0.7075029308323564,3,False,Estratégia 6
VULC3,-0.0145165132543974,-0.3754372618406604,0.2487386347282968,0.29500657030223393,9,False,Estratégia 6
CVCB3,-0.019558872932136984,-0.167305569593384,0.09748337843445286,0.6634219393485586,5,False,Estratégia 6
DIRR3,-0.021766126617707604,-0.1986540807835723,0.15238272959103943,0.45955451348182885,2,False,Estratégia 6
RDOR3,-0.026153072792006293,-0.09120981988980306,0.013600094239308339,0.980244590780809,1,True,Estratégia 6
RADL3,-0.029773245159816053,-0.18299423044602492,0.10558909361766852,0.27960140679953105,3,False,Estratégia 6
VALE3,-0.030331048974281627,-0.20360775479424467,0.09219909429224216,0.5462006079027356,3,False,Estratégia 6
B3SA3,-0.031281225271815316,-0.19869267988826625,0.12227398282078736,0.20691676436107856,2,False,Estratégia 6
SANB11,-0.03425056532777071,-0.1801463450810896,0.10195096725927767,0.5430832356389215,3,False,Estratégia 6
PETR4,-0.03494577321805892,-0.20999458404877525,0.11689242750003126,0.47362250879249707,6,False,Estratégia 6
EMBJ3,-0.035324021574293374,-0.12191393353436063,0.03598708325677626,0.8004103165298945,4,False,Estratégia 6
CSNA3,-0.03725885728984524,-0.2513406716397023,0.1250571531187644,0.8519929660023446,5,False,Estratégia 6
ROMI3,-0.04468620130654877,-0.33742534112973205,0.14396312847598666,0.48329425556858147,3,False,Estratégia 6
GMAT3,-0.04701458147897486,-0.22709466703196443,9.993741945102384e-16,0.9896519285042333,1,True,Estratégia 6
ENEV3,-0.0496218483524018,-0.19327960566688568,0.060153616613080926,0.4917043740573152,3,False,Estratégia 6
SUZB3,-0.05126539128356544,-0.21962905383245981,0.07326211728745662,0.780852241283896,3,False,Estratégia 6
CPLE3,-0.08059876128938614,-0.19907778566745785,0.018311277495222607,0.4780187573270809,2,False,Estratégia 6
CXSE3,-0.09300231927167601,-0.3165698709761971,0.09964201114253941,0.27564102564102566,2,False,Estratégia 6
AXIA3,-0.09767058607976131,-0.3785892242570569,0.1286224747575769,0.22757177033492823,2,False,Estratégia 6
WEGE3,-0.09913078503827544,-0.3386653660617138,0.06713988535658894,0.1838905775075988,3,False,Estratégia 6
MBRF3,-0.1023268252826206,-0.296993661700557,0.05632639500752901,0.5228553537883531,5,False,Estratégia 6
EQTL3,-0.10392293311053247,-0.22688617889216553,0.002094745526525954,0.44420334779913206,1,True,Estratégia 6
PRIO3,-0.16815251852748836,-0.48766738399709186,0.03438742862745239,0.5548065650644783,3,False,Estratégia 6
MGLU3,-0.18954052854311987,-0.5741467872384414,0.060246032313341906,0.6042553191489362,3,False,Estratégia 6
BPAC11,-0.19414411740795345,-0.6402753115116794,0.11578158699870585,0.6065318818040435,1,True,Estratégia 6
INBR32,0.15273712038439446,-0.1439144854672147,0.5681894210027698,0.746218487394958,1,True,Estratégia 7
QUAL3,0.11398457982869314,0.006995611065459971,0.25149078876059766,0.7605055292259084,9,False,Estratégia 7
POSI3,0.11133892648186605,-0.0793672470914947,0.3443528561569269,0.8273739742086753,5,False,Estratégia 7
NATU3,0.11075911017186979,0.008539828822924008,0.24813699443170462,0.8563892145369285,3,False,Estratégia 7
RAIZ4,0.08675366768996662,-0.06222077132130563,0.28796990042345366,0.8425584255842559,2,False,Estratégia 7
ECOR3,0.07363941995595769,-0.027901521085981543,0.18565892338271783,0.7160023446658851,5,False,Estratégia 7
IRBR3,0.07221414247916758,-0.04678558865898327,0.22380663139953047,0.8769395398608881,1,True,Estratégia 7
BEEF3,0.06292670542026824,-0.09359500842434547,0.2219031403564756,0.37187993680884673,5,False,Estratégia 7
AMAR3,0.06145029044325501,-0.01283292522437701,0.1475318120278799,0.7907385697538101,2,False,Estratégia 7
CYRE3,0.060261110631910864,-0.009369054919197452,0.2085000736337365,0.9747948417350527,3,False,Estratégia 7
LREN3,0.04921094385820335,0.0007921768943685344,0.12131842695498254,0.9173505275498242,5,False,Estratégia 7
KLBN11,0.046018832822546596,-0.03796643341572711,0.13521478367961015,0.7337971439033321,3,False,Estratégia 7
GFSA3,0.04463042507468795,-0.01509764395555916,0.12801458946575447,0.8980070339976554,3,False,Estratégia 7
EZTC3,0.04282715884763033,-0.020719586204751082,0.15234661750346312,0.9443141852286049,3,False,Estratégia 7
PETR4,0.04136359291427283,-0.08651485180714319,0.1762275153380751,0.8684056271981243,3,False,Estratégia 7
ITUB4,0.04090932348553755,-0.003462377288078228,0.09748538589269526,0.8958462492250465,5,False,Estratégia 7
CSAN3,0.04004357670968961,-0.05820810797590174,0.1420221634128937,0.6776021473307486,4,False,Estratégia 7
VALE3,0.03883986937330053,-0.053513798275759764,0.13041059447058947,0.8024316109422492,3,False,Estratégia 7
SBSP3,0.03605472833994838,-0.08244901070062707,0.17415816696041092,0.7556350626118068,4,False,Estratégia 7
USIM5,0.027474711238897997,-0.0451136857214676,0.10807116637834131,0.9000586166471278,3,False,Estratégia 7
ITSA4,0.027195586149725726,-1.435022787984937e-06,0.07566588988583628,0.9668815943728019,3,False,Estratégia 7
PSSA3,0.027104872233828514,-0.030464177389909402,0.09182250348956296,0.8493552168815943,3,False,Estratégia 7
DIRR3,0.02687991210855012,-0.04335365670246091,0.11117371476714671,0.8599062133645955,2,False,Estratégia 7
TIMS3,0.026371003053768716,-0.2498778212818591,0.24342565074000921,0.3768888888888889,2,False,Estratégia 7
GGBR4,0.026170242774149477,-0.012764007650806805,0.07478715557211936,0.9158851113716295,3,False,Estratégia 7
GRND3,0.025304867158995492,-0.0035462045589296173,0.07440388361375075,0.9708617482951023,1,True,Estratégia 7
RENT3,0.023443373372126874,-0.08136451650928582,0.12153861896050033,0.768464243845252,5,False,Estratégia 7
BHIA3,0.022002085507457192,-0.17752037737429002,0.19872519112923456,0.8155965992377602,6,False,Estratégia 7
JHSF3,0.021084514630939744,-3.1763007544088856e-05,0.06376545911622496,0.9736225087924971,1,True,Estratégia 7
ABEV3,0.020876660481050635,-0.00012807800536673657,0.061580688317102096,0.978414442700157,3,False,Estratégia 7
PLPL3,0.02059269467052005,-0.00800612652641286,0.06664024601624673,0.9848293299620733,1,True,Estratégia 7
SAPR11,0.020139519207414303,-0.06571022715422717,0.1370096406780484,0.9014941892639734,1,True,Estratégia 7
AXIA3,0.019941279868355588,-0.2626523368766265,0.2796324058291855,0.687799043062201,4,False,Estratégia 7
SMFT3,0.01967340448264443,-0.1648131496944587,0.17183929327497185,0.7540106951871658,1,True,Estratégia 7
HYPE3,0.016609628139917287,-0.02427598266292888,0.0637355836628956,0.9152989449003517,1,True,Estratégia 7
EQTL3,0.016245612192131498,-0.0088114207299828,0.059824494907729085,0.9708617482951023,1,True,Estratégia 7
MOTV3,0.014843056052856074,-0.004171966899880639,0.04909048765876149,0.9642438452520515,1,True,Estratégia 7
POMO4,0.014640351694142018,-0.006176679730435355,0.04321950337702333,0.94021101992966,1,True,Estratégia 7
AZZA3,0.013719803877736858,-0.0003779987550492071,0.04270830385967912,0.9868774232031017,1,True,Estratégia 7
BBDC3,0.012736518438750677,-1.3652273755937445e-16,0.039339964437436044,0.9835967790038771,1,True,Estratégia 7
CVCB3,0.01227112559400001,-0.12470936789630817,0.1332860554759159,0.7360539123923624,5,False,Estratégia 7
EMBJ3,0.0077841928856488,-0.05782525946717086,0.07169218610407051,0.8622508792497069,4,False,Estratégia 7
EGIE3,0.006272396704885441,-0.0387291586250615,0.05499734609289501,0.7995310668229777,3,False,Estratégia 7
MYPK3,0.005298295281206067,-7.771561172376096e-16,0.01791813621069543,0.9970691676436108,1,True,Estratégia 7
B3SA3,0.004618431763352859,-0.1415050146080673,0.13388363717178908,0.43376318874560377,2,False,Estratégia 7
JALL3,0.0,0.0,0.0,0.998997995991984,1,True,Estratégia 7
CURY3,0.0,0.0,0.0,0.9991111111111111,1,True,Estratégia 7
BBAS3,0.0,0.0,0.0,0.9997069167643611,1,True,Estratégia 7
BBDC4,0.0,0.0,0.0,0.9997017596182524,1,True,Estratégia 7
SIMH3,0.0,0.0,0.0,0.9991111111111111,1,True,Estratégia 7
BBSE3,0.0,0.0,0.0,0.9996338337605273,1,True,Estratégia 7
VAMO3,0.0,0.0,0.0,0.998997995991984,1,True,Estratégia 7
BRAV3,0.0,0.0,0.0,0.9990592662276576,1,True,Estratégia 7
MRVE3,0.0,0.0,0.0,0.9997069167643611,1,True,Estratégia 7
CEAB3,0.0,0.0,0.0,0.9991575400168492,1,True,Estratégia 7
GMAT3,0.0,0.0,0.0,0.9990592662276576,1,True,Estratégia 7
TTEN3,0.0,0.0,0.0,0.9988558352402745,1,True,Estratégia 7
BRSR6,0.0,0.0,0.0,0.9997069167643611,1,True,Estratégia 7
TAEE11,0.0,0.0,0.0,0.9997017596182524,1,True,Estratégia 7
ISAE4,0.0,0.0,0.0,0.9997069167643611,1,True,Estratégia 7
VIVA3,0.0,0.0,0.0,0.999198717948718,1,True,Estratégia 7
YDUQ3,0.0,0.0,0.0,0.9996960486322188,1,True,Estratégia 7
RDOR3,0.0,0.0,0.0,0.9990592662276576,1,True,Estratégia 7
CXSE3,0.0,0.0,0.0,0.9989316239316239,1,True,Estratégia 7
CMIG4,0.0,0.0,0.0,0.9997069167643611,1,True,Estratégia 7
CMIN3,0.0,0.0,0.0,0.998997995991984,1,True,Estratégia 7
VBBR3,0.0,0.0,0.0,0.9993585631815266,1,True,Estratégia 7
RIAA3,0.0,0.0,0.0,0.9996960486322188,1,True,Estratégia 7
AURE3,0.0,0.0,0.0,0.9986631016042781,1,True,Estratégia 7
GOAU4,0.0,0.0,0.0,0.9997069167643611,1,True,Estratégia 7
ASAI3,0.0,0.0,0.0,0.998997995991984,1,True,Estratégia 7
PCAR3,-0.011360681162130293,-0.23888418349071416,0.14430967888706717,0.7066666666666667,4,False,Estratégia 7
COGN3,-0.017485303529719,-0.13818881756016568,0.09326677021400395,0.754804711717297,1,True,Estratégia 7
SANB11,-0.01944321728156906,-0.12970876452198332,0.07859023095893372,0.7409144196951934,3,False,Estratégia 7
MOVI3,-0.034022957746710825,-0.18164914190460857,0.07962987487170374,0.8741970021413277,1,True,Estratégia 7
ROMI3,-0.03420405544801075,-0.3273020997046271,0.15791826038181947,0.5524618991793669,3,False,Estratégia 7
RADL3,-0.03524605473592568,-0.17740638421419025,0.08254563212004794,0.302168815943728,3,False,Estratégia 7
CSNA3,-0.0419410650115879,-0.2240809964474932,0.09403254792729618,0.8736811254396248,5,False,Estratégia 7
ENEV3,-0.049754286310369156,-0.19410649344851166,0.06170901049449707,0.501659125188537,3,False,Estratégia 7
SUZB3,-0.05853270667448318,-0.2125699270711192,0.049729134023162674,0.8677365799667958,3,False,Estratégia 7
WEGE3,-0.058653801292135155,-0.28163421041734776,0.09638262617733313,0.3933130699088146,3,False,Estratégia 7
CPLE3,-0.060629098463559794,-0.16950120903901386,0.02986374569398894,0.5008792497069168,2,False,Estratégia 7
BPAC11,-0.07190305649225781,-0.3939468342574476,0.1918826771968172,0.8465526179367548,1,True,Estratégia 7
VULC3,-0.08859751833051832,-0.38388690659523494,0.13177248423069315,0.5959264126149802,5,False,Estratégia 7
MBRF3,-0.11255855207009846,-0.2896912900586428,0.01779276844035005,0.617407639323732,5,False,Estratégia 7
PRIO3,-0.14145122982673297,-0.4428503044191503,0.06910320664254639,0.5662368112543963,3,False,Estratégia 7
MGLU3,-0.18199871642119947,-0.5252491639758599,0.04313385500586182,0.6443768996960486,3,False,Estratégia 7
